n,input,encoder_staircase,dm_bit,decoder_staircase,decoder_filtered,error
0,201,0,0,0,-4,201
1,201,128,1,-128,-8,73
2,402,256,1,0,-8,146
3,402,384,1,128,-4,18
4,603,512,1,256,4,91
5,603,640,1,384,15,-37
6,803,512,0,512,30,291
7,803,640,1,384,41,163
8,1003,768,1,512,55,235
9,1003,896,1,640,73,107
10,1202,1024,1,768,94,178
11,1202,1152,1,896,119,50
12,1400,1280,1,1024,147,120
13,1400,1408,1,1152,178,-8
14,1598,1280,0,1280,212,318
15,1598,1408,1,1152,241,190
16,1795,1536,1,1280,273,259
17,1795,1664,1,1408,308,131
18,1990,1792,1,1536,346,198
19,1990,1920,1,1664,387,70
20,2185,2048,1,1792,430,137
21,2185,2176,1,1920,476,9
22,2378,2304,1,2048,525,74
23,2378,2432,1,2176,576,-54
24,2569,2304,0,2304,630,265
25,2569,2432,1,2176,678,137
26,2759,2560,1,2304,728,199
27,2759,2688,1,2432,781,71
28,2948,2816,1,2560,836,132
29,2948,2944,1,2688,893,4
30,3135,3072,1,2816,953,63
31,3135,3200,1,2944,1015,-65
32,3319,3072,0,3072,1079,247
33,3319,3200,1,2944,1137,119
34,3502,3328,1,3072,1197,174
35,3502,3456,1,3200,1259,46
36,3683,3584,1,3328,1323,99
37,3683,3712,1,3456,1389,-29
38,3861,3584,0,3584,1457,277
39,3861,3712,1,3456,1519,149
40,4037,3840,1,3584,1583,197
41,4211,3968,1,3712,1649,243
42,4211,4096,1,3840,1717,115
43,4382,4224,1,3968,1787,158
44,4382,4352,1,4096,1859,30
45,4551,4480,1,4224,1932,71
46,4551,4608,1,4352,2007,-57
47,4716,4480,0,4480,2084,236
48,4716,4608,1,4352,2154,108
49,4879,4736,1,4480,2226,143
50,4879,4864,1,4608,2300,15
51,5039,4992,1,4736,2376,47
52,5039,5120,1,4864,2453,-81
53,5196,4992,0,4992,2532,204
54,5196,5120,1,4864,2604,76
55,5350,5248,1,4992,2678,102
56,5350,5376,1,5120,2754,-26
57,5501,5248,0,5248,2831,253
58,5501,5376,1,5120,2902,125
59,5648,5504,1,5248,2975,144
60,5648,5632,1,5376,3050,16
61,5792,5760,1,5504,3126,32
62,5792,5888,1,5632,3204,-96
63,5932,5760,0,5760,3283,172
64,5932,5888,1,5632,3356,44
65,6069,6016,1,5760,3431,53
66,6069,6144,1,5888,3507,-75
67,6202,6016,0,6016,3585,186
68,6202,6144,1,5888,3656,58
69,6332,6272,1,6016,3729,60
70,6332,6400,1,6144,3804,-68
71,6457,6272,0,6272,3881,185
72,6457,6400,1,6144,3951,57
73,6579,6528,1,6272,4023,51
74,6579,6656,1,6400,4097,-77
75,6697,6528,0,6528,4172,169
76,6697,6656,1,6400,4241,41
77,6811,6784,1,6528,4312,27
78,6811,6912,1,6656,4385,-101
79,6920,6784,0,6784,4459,136
80,6920,6912,1,6656,4527,8
81,7026,7040,1,6784,4597,-14
82,7127,6912,0,6912,4669,215
83,7127,7040,1,6784,4735,87
84,7224,7168,1,6912,4803,56
85,7224,7296,1,7040,4872,-72
86,7316,7168,0,7168,4943,148
87,7316,7296,1,7040,5008,20
88,7405,7424,1,7168,5075,-19
89,7405,7296,0,7296,5144,109
90,7488,7424,1,7168,5207,64
91,7488,7552,1,7296,5272,-64
92,7567,7424,0,7424,5339,143
93,7567,7552,1,7296,5400,15
94,7642,7680,1,7424,5463,-38
95,7642,7552,0,7552,5528,90
96,7712,7680,1,7424,5587,32
97,7712,7808,1,7552,5648,-96
98,7778,7680,0,7680,5711,98
99,7778,7808,1,7552,5768,-30
100,7838,7680,0,7680,5827,158
101,7838,7808,1,7552,5880,30
102,7894,7936,1,7680,5936,-42
103,7894,7808,0,7808,5994,86
104,7946,7936,1,7680,6046,10
105,7946,8064,1,7808,6101,-118
106,7992,7936,0,7936,6158,56
107,7992,8064,1,7808,6209,-72
108,8034,7936,0,7936,6262,98
109,8034,8064,1,7808,6310,-30
110,8070,7936,0,7936,6360,134
111,8070,8064,1,7808,6405,6
112,8102,8192,1,7936,6452,-90
113,8102,8064,0,8064,6502,38
114,8129,8192,1,7936,6546,-63
115,8129,8064,0,8064,6593,65
116,8152,8192,1,7936,6634,-40
117,8152,8064,0,8064,6678,88
118,8169,8192,1,7936,6717,-23
119,8169,8064,0,8064,6759,105
120,8181,8192,1,7936,6795,-11
121,8181,8064,0,8064,6834,117
122,8189,8192,1,7936,6868,-3
123,8191,8064,0,8064,6905,127
124,8191,8192,1,7936,6937,-1
125,8189,8064,0,8064,6972,125
126,8189,8192,1,7936,7002,-3
127,8181,8064,0,8064,7035,117
128,8181,8192,1,7936,7063,-11
129,8169,8064,0,8064,7094,105
130,8169,8192,1,7936,7120,-23
131,8152,8064,0,8064,7149,88
132,8152,8192,1,7936,7173,-40
133,8129,8064,0,8064,7200,65
134,8129,8192,1,7936,7223,-63
135,8102,8064,0,8064,7249,38
136,8102,8192,1,7936,7270,-90
137,8070,8064,0,8064,7294,6
138,8070,8192,1,7936,7314,-122
139,8034,8064,0,8064,7337,-30
140,8034,7936,0,7936,7355,98
141,7992,8064,1,7808,7369,-72
142,7992,7936,0,7936,7386,56
143,7946,8064,1,7808,7399,-118
144,7946,7936,0,7936,7415,10
145,7894,8064,1,7808,7427,-170
146,7894,7936,0,7936,7442,-42
147,7838,7808,0,7808,7453,30
148,7838,7936,1,7680,7460,-98
149,7778,7808,0,7808,7470,-30
150,7778,7680,0,7680,7476,98
151,7712,7808,1,7552,7478,-96
152,7712,7680,0,7680,7484,32
153,7642,7808,1,7552,7486,-166
154,7642,7680,0,7680,7492,-38
155,7567,7552,0,7552,7493,15
156,7567,7680,1,7424,7490,-113
157,7488,7552,0,7552,7491,-64
158,7488,7424,0,7424,7488,64
159,7405,7552,1,7296,7482,-147
160,7405,7424,0,7424,7480,-19
161,7316,7296,0,7296,7474,20
162,7316,7424,1,7168,7464,-108
163,7224,7296,0,7296,7458,-72
164,7224,7168,0,7168,7448,56
165,7127,7296,1,7040,7435,-169
166,7026,7168,0,7168,7426,-142
167,7026,7040,0,7040,7413,-14
168,6920,6912,0,6912,7397,8
169,6920,7040,1,6784,7377,-120
170,6811,6912,0,6912,7362,-101
171,6811,6784,0,6784,7343,27
172,6697,6912,1,6656,7321,-215
173,6697,6784,0,6784,7304,-87
174,6579,6656,0,6656,7283,-77
175,6579,6528,0,6528,7259,51
176,6457,6656,1,6400,7232,-199
177,6457,6528,0,6528,7210,-71
178,6332,6400,0,6400,7184,-68
179,6332,6272,0,6272,7155,60
180,6202,6400,1,6144,7123,-198
181,6202,6272,0,6272,7096,-70
182,6069,6144,0,6144,7066,-75
183,6069,6016,0,6016,7033,53
184,5932,6144,1,5888,6997,-212
185,5932,6016,0,6016,6966,-84
186,5792,5888,0,5888,6932,-96
187,5792,5760,0,5760,6895,32
188,5648,5888,1,5632,6855,-240
189,5648,5760,0,5760,6820,-112
190,5501,5632,0,5632,6782,-131
191,5501,5504,0,5504,6742,-3
192,5350,5376,0,5376,6699,-26
193,5350,5248,0,5248,6653,102
194,5196,5376,1,5120,6605,-180
195,5196,5248,0,5248,6562,-52
196,5039,5120,0,5120,6516,-81
197,5039,4992,0,4992,6468,47
198,4879,5120,1,4864,6417,-241
199,4879,4992,0,4992,6372,-113
200,4716,4864,0,4864,6324,-148
201,4716,4736,0,4736,6274,-20
202,4551,4608,0,4608,6221,-57
203,4551,4480,0,4480,6166,71
204,4382,4608,1,4352,6109,-226
205,4382,4480,0,4480,6058,-98
206,4211,4352,0,4352,6004,-141
207,4037,4224,0,4224,5948,-187
208,4037,4096,0,4096,5890,-59
209,3861,3968,0,3968,5829,-107
210,3861,3840,0,3840,5766,21
211,3683,3968,1,3712,5701,-285
212,3683,3840,0,3840,5642,-157
213,3502,3712,0,3712,5581,-210
214,3502,3584,0,3584,5518,-82
215,3319,3456,0,3456,5453,-137
216,3319,3328,0,3328,5386,-9
217,3135,3200,0,3200,5317,-65
218,3135,3072,0,3072,5246,63
219,2948,3200,1,2944,5174,-252
220,2948,3072,0,3072,5108,-124
221,2759,2944,0,2944,5040,-185
222,2759,2816,0,2816,4970,-57
223,2569,2688,0,2688,4898,-119
224,2569,2560,0,2560,4824,9
225,2378,2688,1,2432,4749,-310
226,2378,2560,0,2560,4680,-182
227,2185,2432,0,2432,4609,-247
228,2185,2304,0,2304,4536,-119
229,1990,2176,0,2176,4462,-186
230,1990,2048,0,2048,4386,-58
231,1795,1920,0,1920,4308,-125
232,1795,1792,0,1792,4229,3
233,1598,1920,1,1664,4148,-322
234,1598,1792,0,1792,4074,-194
235,1400,1664,0,1664,3998,-264
236,1400,1536,0,1536,3921,-136
237,1202,1408,0,1408,3842,-206
238,1202,1280,0,1280,3761,-78
239,1003,1152,0,1152,3679,-149
240,1003,1024,0,1024,3596,-21
241,803,896,0,896,3511,-93
242,803,768,0,768,3425,35
243,603,896,1,640,3337,-293
244,603,768,0,768,3256,-165
245,402,640,0,640,3174,-238
246,402,512,0,512,3090,-110
247,201,384,0,384,3005,-183
248,0,256,0,256,2919,-256
249,0,128,0,128,2831,-128
250,-201,0,0,0,2742,-201
251,-201,-128,0,-128,2652,-73
252,-402,-256,0,-256,2561,-146
253,-402,-384,0,-384,2468,-18
254,-603,-512,0,-512,2374,-91
255,-603,-640,0,-640,2279,37
256,-803,-512,1,-768,2183,-291
257,-803,-640,0,-640,2094,-163
258,-1003,-768,0,-768,2004,-235
259,-1003,-896,0,-896,1913,-107
260,-1202,-1024,0,-1024,1821,-178
261,-1202,-1152,0,-1152,1728,-50
262,-1400,-1280,0,-1280,1634,-120
263,-1400,-1408,0,-1408,1538,8
264,-1598,-1280,1,-1536,1441,-318
265,-1598,-1408,0,-1408,1351,-190
266,-1795,-1536,0,-1536,1260,-259
267,-1795,-1664,0,-1664,1168,-131
268,-1990,-1792,0,-1792,1075,-198
269,-1990,-1920,0,-1920,981,-70
270,-2185,-2048,0,-2048,886,-137
271,-2185,-2176,0,-2176,790,-9
272,-2378,-2304,0,-2304,693,-74
273,-2378,-2432,0,-2432,595,54
274,-2569,-2304,1,-2560,496,-265
275,-2569,-2432,0,-2432,404,-137
276,-2759,-2560,0,-2560,311,-199
277,-2759,-2688,0,-2688,217,-71
278,-2948,-2816,0,-2816,122,-132
279,-2948,-2944,0,-2944,26,-4
280,-3135,-3072,0,-3072,-71,-63
281,-3135,-3200,0,-3200,-169,65
282,-3319,-3072,1,-3328,-268,-247
283,-3319,-3200,0,-3200,-360,-119
284,-3502,-3328,0,-3328,-453,-174
285,-3502,-3456,0,-3456,-547,-46
286,-3683,-3584,0,-3584,-642,-99
287,-3683,-3712,0,-3712,-738,29
288,-3861,-3584,1,-3840,-835,-277
289,-3861,-3712,0,-3712,-925,-149
290,-4037,-3840,0,-3840,-1017,-197
291,-4211,-3968,0,-3968,-1110,-243
292,-4211,-4096,0,-4096,-1204,-115
293,-4382,-4224,0,-4224,-1299,-158
294,-4382,-4352,0,-4352,-1395,-30
295,-4551,-4480,0,-4480,-1492,-71
296,-4551,-4608,0,-4608,-1590,57
297,-4716,-4480,1,-4736,-1689,-236
298,-4716,-4608,0,-4608,-1781,-108
299,-4879,-4736,0,-4736,-1874,-143
300,-4879,-4864,0,-4864,-1968,-15
301,-5039,-4992,0,-4992,-2063,-47
302,-5039,-5120,0,-5120,-2159,81
303,-5196,-4992,1,-5248,-2256,-204
304,-5196,-5120,0,-5120,-2346,-76
305,-5350,-5248,0,-5248,-2437,-102
306,-5350,-5376,0,-5376,-2529,26
307,-5501,-5248,1,-5504,-2622,-253
308,-5501,-5376,0,-5376,-2709,-125
309,-5648,-5504,0,-5504,-2797,-144
310,-5648,-5632,0,-5632,-2886,-16
311,-5792,-5760,0,-5760,-2976,-32
312,-5792,-5888,0,-5888,-3067,96
313,-5932,-5760,1,-6016,-3160,-172
314,-5932,-5888,0,-5888,-3246,-44
315,-6069,-6016,0,-6016,-3333,-53
316,-6069,-6144,0,-6144,-3421,75
317,-6202,-6016,1,-6272,-3511,-186
318,-6202,-6144,0,-6144,-3594,-58
319,-6332,-6272,0,-6272,-3678,-60
320,-6332,-6400,0,-6400,-3764,68
321,-6457,-6272,1,-6528,-3851,-185
322,-6457,-6400,0,-6400,-3931,-57
323,-6579,-6528,0,-6528,-4013,-51
324,-6579,-6656,0,-6656,-4096,77
325,-6697,-6528,1,-6784,-4180,-169
326,-6697,-6656,0,-6656,-4258,-41
327,-6811,-6784,0,-6784,-4337,-27
328,-6811,-6912,0,-6912,-4418,101
329,-6920,-6784,1,-7040,-4500,-136
330,-6920,-6912,0,-6912,-4576,-8
331,-7026,-7040,0,-7040,-4653,14
332,-7127,-6912,1,-7168,-4732,-215
333,-7127,-7040,0,-7040,-4805,-87
334,-7224,-7168,0,-7168,-4879,-56
335,-7224,-7296,0,-7296,-4955,72
336,-7316,-7168,1,-7424,-5033,-148
337,-7316,-7296,0,-7296,-5104,-20
338,-7405,-7424,0,-7424,-5177,19
339,-7405,-7296,1,-7552,-5252,-109
340,-7488,-7424,0,-7424,-5320,-64
341,-7488,-7552,0,-7552,-5390,64
342,-7567,-7424,1,-7680,-5462,-143
343,-7567,-7552,0,-7552,-5528,-15
344,-7642,-7680,0,-7680,-5596,38
345,-7642,-7552,1,-7808,-5666,-90
346,-7712,-7680,0,-7680,-5729,-32
347,-7712,-7808,0,-7808,-5794,96
348,-7778,-7680,1,-7936,-5861,-98
349,-7778,-7808,0,-7808,-5922,30
350,-7838,-7680,1,-7936,-5985,-158
351,-7838,-7808,0,-7808,-6042,-30
352,-7894,-7936,0,-7936,-6102,42
353,-7894,-7808,1,-8064,-6164,-86
354,-7946,-7936,0,-7936,-6220,-10
355,-7946,-8064,0,-8064,-6278,118
356,-7992,-7936,1,-8192,-6338,-56
357,-7992,-8064,0,-8064,-6392,72
358,-8034,-7936,1,-8192,-6449,-98
359,-8034,-8064,0,-8064,-6500,30
360,-8070,-7936,1,-8192,-6553,-134
361,-8070,-8064,0,-8064,-6601,-6
362,-8102,-8192,0,-8192,-6651,90
363,-8102,-8064,1,-8320,-6704,-38
364,-8129,-8192,0,-8192,-6751,63
365,-8129,-8064,1,-8320,-6801,-65
366,-8152,-8192,0,-8192,-6845,40
367,-8152,-8064,1,-8320,-6892,-88
368,-8169,-8192,0,-8192,-6933,23
369,-8169,-8064,1,-8320,-6977,-105
370,-8181,-8192,0,-8192,-7015,11
371,-8181,-8064,1,-8320,-7056,-117
372,-8189,-8192,0,-8192,-7092,3
373,-8191,-8064,1,-8320,-7131,-127
374,-8191,-8192,0,-8192,-7165,1
375,-8189,-8064,1,-8320,-7202,-125
376,-8189,-8192,0,-8192,-7233,3
377,-8181,-8064,1,-8320,-7267,-117
378,-8181,-8192,0,-8192,-7296,11
379,-8169,-8064,1,-8320,-7328,-105
380,-8169,-8192,0,-8192,-7355,23
381,-8152,-8064,1,-8320,-7386,-88
382,-8152,-8192,0,-8192,-7412,40
383,-8129,-8064,1,-8320,-7441,-65
384,-8129,-8192,0,-8192,-7465,63
385,-8102,-8064,1,-8320,-7492,-38
386,-8102,-8192,0,-8192,-7514,90
387,-8070,-8064,1,-8320,-7540,-6
388,-8070,-8192,0,-8192,-7561,122
389,-8034,-8064,1,-8320,-7585,30
390,-8034,-7936,1,-8192,-7604,-98
391,-7992,-8064,0,-8064,-7619,72
392,-7992,-7936,1,-8192,-7637,-56
393,-7946,-8064,0,-8064,-7651,118
394,-7946,-7936,1,-8192,-7668,-10
395,-7894,-8064,0,-8064,-7681,170
396,-7894,-7936,1,-8192,-7697,42
397,-7838,-7808,1,-8064,-7709,-30
398,-7838,-7936,0,-7936,-7717,98
399,-7778,-7808,1,-8064,-7728,30
400,-7778,-7680,1,-7936,-7735,-98
401,-7712,-7808,0,-7808,-7738,96
402,-7712,-7680,1,-7936,-7745,-32
403,-7642,-7808,0,-7808,-7747,166
404,-7642,-7680,1,-7936,-7753,38
405,-7567,-7552,1,-7808,-7755,-15
406,-7567,-7680,0,-7680,-7753,113
407,-7488,-7552,1,-7808,-7755,64
408,-7488,-7424,1,-7680,-7753,-64
409,-7405,-7552,0,-7552,-7747,147
410,-7405,-7424,1,-7680,-7745,19
411,-7316,-7296,1,-7552,-7739,-20
412,-7316,-7424,0,-7424,-7730,108
413,-7224,-7296,1,-7552,-7725,72
414,-7224,-7168,1,-7424,-7716,-56
415,-7127,-7296,0,-7296,-7703,169
416,-7026,-7168,1,-7424,-7695,142
417,-7026,-7040,1,-7296,-7683,14
418,-6920,-6912,1,-7168,-7667,-8
419,-6920,-7040,0,-7040,-7648,120
420,-6811,-6912,1,-7168,-7633,101
421,-6811,-6784,1,-7040,-7615,-27
422,-6697,-6912,0,-6912,-7594,215
423,-6697,-6784,1,-7040,-7577,87
424,-6579,-6656,1,-6912,-7557,77
425,-6579,-6528,1,-6784,-7533,-51
426,-6457,-6656,0,-6656,-7506,199
427,-6457,-6528,1,-6784,-7484,71
428,-6332,-6400,1,-6656,-7459,68
429,-6332,-6272,1,-6528,-7430,-60
430,-6202,-6400,0,-6400,-7398,198
431,-6202,-6272,1,-6528,-7371,70
432,-6069,-6144,1,-6400,-7341,75
433,-6069,-6016,1,-6272,-7308,-53
434,-5932,-6144,0,-6144,-7272,212
435,-5932,-6016,1,-6272,-7241,84
436,-5792,-5888,1,-6144,-7207,96
437,-5792,-5760,1,-6016,-7170,-32
438,-5648,-5888,0,-5888,-7130,240
439,-5648,-5760,1,-6016,-7096,112
440,-5501,-5632,1,-5888,-7059,131
441,-5501,-5504,1,-5760,-7019,3
442,-5350,-5376,1,-5632,-6976,26
443,-5350,-5248,1,-5504,-6930,-102
444,-5196,-5376,0,-5376,-6882,180
445,-5196,-5248,1,-5504,-6839,52
446,-5039,-5120,1,-5376,-6794,81
447,-5039,-4992,1,-5248,-6746,-47
448,-4879,-5120,0,-5120,-6696,241
449,-4879,-4992,1,-5248,-6651,113
450,-4716,-4864,1,-5120,-6604,148
451,-4716,-4736,1,-4992,-6554,20
452,-4551,-4608,1,-4864,-6502,57
453,-4551,-4480,1,-4736,-6447,-71
454,-4382,-4608,0,-4608,-6390,226
455,-4382,-4480,1,-4736,-6339,98
456,-4211,-4352,1,-4608,-6285,141
457,-4037,-4224,1,-4480,-6229,187
458,-4037,-4096,1,-4352,-6171,59
459,-3861,-3968,1,-4224,-6111,107
460,-3861,-3840,1,-4096,-6049,-21
461,-3683,-3968,0,-3968,-5984,285
462,-3683,-3840,1,-4096,-5925,157
463,-3502,-3712,1,-3968,-5864,210
464,-3502,-3584,1,-3840,-5801,82
465,-3319,-3456,1,-3712,-5736,137
466,-3319,-3328,1,-3584,-5669,9
467,-3135,-3200,1,-3456,-5600,65
468,-3135,-3072,1,-3328,-5529,-63
469,-2948,-3200,0,-3200,-5457,252
470,-2948,-3072,1,-3328,-5391,124
471,-2759,-2944,1,-3200,-5323,185
472,-2759,-2816,1,-3072,-5253,57
473,-2569,-2688,1,-2944,-5181,119
474,-2569,-2560,1,-2816,-5108,-9
475,-2378,-2688,0,-2688,-5033,310
476,-2378,-2560,1,-2816,-4964,182
477,-2185,-2432,1,-2688,-4893,247
478,-2185,-2304,1,-2560,-4821,119
479,-1990,-2176,1,-2432,-4747,186
480,-1990,-2048,1,-2304,-4671,58
481,-1795,-1920,1,-2176,-4594,125
482,-1795,-1792,1,-2048,-4515,-3
483,-1598,-1920,0,-1920,-4434,322
484,-1598,-1792,1,-2048,-4360,194
485,-1400,-1664,1,-1920,-4284,264
486,-1400,-1536,1,-1792,-4207,136
487,-1202,-1408,1,-1664,-4128,206
488,-1202,-1280,1,-1536,-4047,78
489,-1003,-1152,1,-1408,-3965,149
490,-1003,-1024,1,-1280,-3882,21
491,-803,-896,1,-1152,-3797,93
492,-803,-768,1,-1024,-3711,-35
493,-603,-896,0,-896,-3624,293
494,-603,-768,1,-1024,-3543,165
495,-402,-640,1,-896,-3461,238
496,-402,-512,1,-768,-3377,110
497,-201,-384,1,-640,-3292,183
498,0,-256,1,-512,-3206,256
499,0,-128,1,-384,-3118,128
500,201,0,1,-256,-3029,201
501,201,128,1,-128,-2939,73
502,402,256,1,0,-2848,146
503,402,384,1,128,-2755,18
504,603,512,1,256,-2661,91
505,603,640,1,384,-2566,-37
506,803,512,0,512,-2470,291
507,803,640,1,384,-2381,163
508,1003,768,1,512,-2291,235
509,1003,896,1,640,-2200,107
510,1202,1024,1,768,-2108,178
511,1202,1152,1,896,-2015,50
512,1400,1280,1,1024,-1921,120
513,1400,1408,1,1152,-1825,-8
514,1598,1280,0,1280,-1728,318
515,1598,1408,1,1152,-1638,190
516,1795,1536,1,1280,-1547,259
517,1795,1664,1,1408,-1455,131
518,1990,1792,1,1536,-1362,198
519,1990,1920,1,1664,-1268,70
520,2185,2048,1,1792,-1173,137
521,2185,2176,1,1920,-1077,9
522,2378,2304,1,2048,-980,74
523,2378,2432,1,2176,-882,-54
524,2569,2304,0,2304,-783,265
525,2569,2432,1,2176,-691,137
526,2759,2560,1,2304,-598,199
527,2759,2688,1,2432,-504,71
528,2948,2816,1,2560,-409,132
529,2948,2944,1,2688,-313,4
530,3135,3072,1,2816,-216,63
531,3135,3200,1,2944,-118,-65
532,3319,3072,0,3072,-19,247
533,3319,3200,1,2944,73,119
534,3502,3328,1,3072,166,174
535,3502,3456,1,3200,260,46
536,3683,3584,1,3328,355,99
537,3683,3712,1,3456,451,-29
538,3861,3584,0,3584,548,277
539,3861,3712,1,3456,638,149
540,4037,3840,1,3584,730,197
541,4211,3968,1,3712,823,243
542,4211,4096,1,3840,917,115
543,4382,4224,1,3968,1012,158
544,4382,4352,1,4096,1108,30
545,4551,4480,1,4224,1205,71
546,4551,4608,1,4352,1303,-57
547,4716,4480,0,4480,1402,236
548,4716,4608,1,4352,1494,108
549,4879,4736,1,4480,1587,143
550,4879,4864,1,4608,1681,15
551,5039,4992,1,4736,1776,47
552,5039,5120,1,4864,1872,-81
553,5196,4992,0,4992,1969,204
554,5196,5120,1,4864,2059,76
555,5350,5248,1,4992,2150,102
556,5350,5376,1,5120,2242,-26
557,5501,5248,0,5248,2335,253
558,5501,5376,1,5120,2422,125
559,5648,5504,1,5248,2510,144
560,5648,5632,1,5376,2599,16
561,5792,5760,1,5504,2689,32
562,5792,5888,1,5632,2780,-96
563,5932,5760,0,5760,2873,172
564,5932,5888,1,5632,2959,44
565,6069,6016,1,5760,3046,53
566,6069,6144,1,5888,3134,-75
567,6202,6016,0,6016,3224,186
568,6202,6144,1,5888,3307,58
569,6332,6272,1,6016,3391,60
570,6332,6400,1,6144,3477,-68
571,6457,6272,0,6272,3564,185
572,6457,6400,1,6144,3644,57
573,6579,6528,1,6272,3726,51
574,6579,6656,1,6400,3809,-77
575,6697,6528,0,6528,3893,169
576,6697,6656,1,6400,3971,41
577,6811,6784,1,6528,4050,27
578,6811,6912,1,6656,4131,-101
579,6920,6784,0,6784,4213,136
580,6920,6912,1,6656,4289,8
581,7026,7040,1,6784,4366,-14
582,7127,6912,0,6912,4445,215
583,7127,7040,1,6784,4518,87
584,7224,7168,1,6912,4592,56
585,7224,7296,1,7040,4668,-72
586,7316,7168,0,7168,4746,148
587,7316,7296,1,7040,4817,20
588,7405,7424,1,7168,4890,-19
589,7405,7296,0,7296,4965,109
590,7488,7424,1,7168,5033,64
591,7488,7552,1,7296,5103,-64
592,7567,7424,0,7424,5175,143
593,7567,7552,1,7296,5241,15
594,7642,7680,1,7424,5309,-38
595,7642,7552,0,7552,5379,90
596,7712,7680,1,7424,5442,32
597,7712,7808,1,7552,5507,-96
598,7778,7680,0,7680,5574,98
599,7778,7808,1,7552,5635,-30
600,7838,7680,0,7680,5698,158
601,7838,7808,1,7552,5755,30
602,7894,7936,1,7680,5815,-42
603,7894,7808,0,7808,5877,86
604,7946,7936,1,7680,5933,10
605,7946,8064,1,7808,5991,-118
606,7992,7936,0,7936,6051,56
607,7992,8064,1,7808,6105,-72
608,8034,7936,0,7936,6162,98
609,8034,8064,1,7808,6213,-30
610,8070,7936,0,7936,6266,134
611,8070,8064,1,7808,6314,6
612,8102,8192,1,7936,6364,-90
613,8102,8064,0,8064,6417,38
614,8129,8192,1,7936,6464,-63
615,8129,8064,0,8064,6514,65
616,8152,8192,1,7936,6558,-40
617,8152,8064,0,8064,6605,88
618,8169,8192,1,7936,6646,-23
619,8169,8064,0,8064,6690,105
620,8181,8192,1,7936,6728,-11
621,8181,8064,0,8064,6769,117
622,8189,8192,1,7936,6805,-3
623,8191,8064,0,8064,6844,127
624,8191,8192,1,7936,6878,-1
625,8189,8064,0,8064,6915,125
626,8189,8192,1,7936,6946,-3
627,8181,8064,0,8064,6980,117
628,8181,8192,1,7936,7009,-11
629,8169,8064,0,8064,7041,105
630,8169,8192,1,7936,7068,-23
631,8152,8064,0,8064,7099,88
632,8152,8192,1,7936,7125,-40
633,8129,8064,0,8064,7154,65
634,8129,8192,1,7936,7178,-63
635,8102,8064,0,8064,7205,38
636,8102,8192,1,7936,7227,-90
637,8070,8064,0,8064,7253,6
638,8070,8192,1,7936,7274,-122
639,8034,8064,0,8064,7298,-30
640,8034,7936,0,7936,7317,98
641,7992,8064,1,7808,7332,-72
642,7992,7936,0,7936,7350,56
643,7946,8064,1,7808,7364,-118
644,7946,7936,0,7936,7381,10
645,7894,8064,1,7808,7394,-170
646,7894,7936,0,7936,7410,-42
647,7838,7808,0,7808,7422,30
648,7838,7936,1,7680,7430,-98
649,7778,7808,0,7808,7441,-30
650,7778,7680,0,7680,7448,98
651,7712,7808,1,7552,7451,-96
652,7712,7680,0,7680,7458,32
653,7642,7808,1,7552,7460,-166
654,7642,7680,0,7680,7466,-38
655,7567,7552,0,7552,7468,15
656,7567,7680,1,7424,7466,-113
657,7488,7552,0,7552,7468,-64
658,7488,7424,0,7424,7466,64
659,7405,7552,1,7296,7460,-147
660,7405,7424,0,7424,7458,-19
661,7316,7296,0,7296,7452,20
662,7316,7424,1,7168,7443,-108
663,7224,7296,0,7296,7438,-72
664,7224,7168,0,7168,7429,56
665,7127,7296,1,7040,7416,-169
666,7026,7168,0,7168,7408,-142
667,7026,7040,0,7040,7396,-14
668,6920,6912,0,6912,7380,8
669,6920,7040,1,6784,7361,-120
670,6811,6912,0,6912,7346,-101
671,6811,6784,0,6784,7328,27
672,6697,6912,1,6656,7307,-215
673,6697,6784,0,6784,7290,-87
674,6579,6656,0,6656,7270,-77
675,6579,6528,0,6528,7246,51
676,6457,6656,1,6400,7219,-199
677,6457,6528,0,6528,7197,-71
678,6332,6400,0,6400,7172,-68
679,6332,6272,0,6272,7143,60
680,6202,6400,1,6144,7111,-198
681,6202,6272,0,6272,7084,-70
682,6069,6144,0,6144,7054,-75
683,6069,6016,0,6016,7021,53
684,5932,6144,1,5888,6985,-212
685,5932,6016,0,6016,6954,-84
686,5792,5888,0,5888,6920,-96
687,5792,5760,0,5760,6883,32
688,5648,5888,1,5632,6843,-240
689,5648,5760,0,5760,6809,-112
690,5501,5632,0,5632,6772,-131
691,5501,5504,0,5504,6732,-3
692,5350,5376,0,5376,6689,-26
693,5350,5248,0,5248,6643,102
694,5196,5376,1,5120,6595,-180
695,5196,5248,0,5248,6552,-52
696,5039,5120,0,5120,6507,-81
697,5039,4992,0,4992,6459,47
698,4879,5120,1,4864,6409,-241
699,4879,4992,0,4992,6364,-113
700,4716,4864,0,4864,6317,-148
701,4716,4736,0,4736,6267,-20
702,4551,4608,0,4608,6215,-57
703,4551,4480,0,4480,6160,71
704,4382,4608,1,4352,6103,-226
705,4382,4480,0,4480,6052,-98
706,4211,4352,0,4352,5998,-141
707,4037,4224,0,4224,5942,-187
708,4037,4096,0,4096,5884,-59
709,3861,3968,0,3968,5824,-107
710,3861,3840,0,3840,5762,21
711,3683,3968,1,3712,5697,-285
712,3683,3840,0,3840,5638,-157
713,3502,3712,0,3712,5577,-210
714,3502,3584,0,3584,5514,-82
715,3319,3456,0,3456,5449,-137
716,3319,3328,0,3328,5382,-9
717,3135,3200,0,3200,5313,-65
718,3135,3072,0,3072,5242,63
719,2948,3200,1,2944,5170,-252
720,2948,3072,0,3072,5104,-124
721,2759,2944,0,2944,5036,-185
722,2759,2816,0,2816,4966,-57
723,2569,2688,0,2688,4894,-119
724,2569,2560,0,2560,4821,9
725,2378,2688,1,2432,4746,-310
726,2378,2560,0,2560,4677,-182
727,2185,2432,0,2432,4606,-247
728,2185,2304,0,2304,4534,-119
729,1990,2176,0,2176,4460,-186
730,1990,2048,0,2048,4384,-58
731,1795,1920,0,1920,4307,-125
732,1795,1792,0,1792,4228,3
733,1598,1920,1,1664,4147,-322
734,1598,1792,0,1792,4073,-194
735,1400,1664,0,1664,3997,-264
736,1400,1536,0,1536,3920,-136
737,1202,1408,0,1408,3841,-206
738,1202,1280,0,1280,3760,-78
739,1003,1152,0,1152,3678,-149
740,1003,1024,0,1024,3595,-21
741,803,896,0,896,3510,-93
742,803,768,0,768,3424,35
743,603,896,1,640,3337,-293
744,603,768,0,768,3256,-165
745,402,640,0,640,3174,-238
746,402,512,0,512,3090,-110
747,201,384,0,384,3005,-183
748,0,256,0,256,2919,-256
749,0,128,0,128,2831,-128
750,-201,0,0,0,2742,-201
751,-201,-128,0,-128,2652,-73
752,-402,-256,0,-256,2561,-146
753,-402,-384,0,-384,2468,-18
754,-603,-512,0,-512,2374,-91
755,-603,-640,0,-640,2279,37
756,-803,-512,1,-768,2183,-291
757,-803,-640,0,-640,2094,-163
758,-1003,-768,0,-768,2004,-235
759,-1003,-896,0,-896,1913,-107
760,-1202,-1024,0,-1024,1821,-178
761,-1202,-1152,0,-1152,1728,-50
762,-1400,-1280,0,-1280,1634,-120
763,-1400,-1408,0,-1408,1538,8
764,-1598,-1280,1,-1536,1441,-318
765,-1598,-1408,0,-1408,1351,-190
766,-1795,-1536,0,-1536,1260,-259
767,-1795,-1664,0,-1664,1168,-131
768,-1990,-1792,0,-1792,1075,-198
769,-1990,-1920,0,-1920,981,-70
770,-2185,-2048,0,-2048,886,-137
771,-2185,-2176,0,-2176,790,-9
772,-2378,-2304,0,-2304,693,-74
773,-2378,-2432,0,-2432,595,54
774,-2569,-2304,1,-2560,496,-265
775,-2569,-2432,0,-2432,404,-137
776,-2759,-2560,0,-2560,311,-199
777,-2759,-2688,0,-2688,217,-71
778,-2948,-2816,0,-2816,122,-132
779,-2948,-2944,0,-2944,26,-4
780,-3135,-3072,0,-3072,-71,-63
781,-3135,-3200,0,-3200,-169,65
782,-3319,-3072,1,-3328,-268,-247
783,-3319,-3200,0,-3200,-360,-119
784,-3502,-3328,0,-3328,-453,-174
785,-3502,-3456,0,-3456,-547,-46
786,-3683,-3584,0,-3584,-642,-99
787,-3683,-3712,0,-3712,-738,29
788,-3861,-3584,1,-3840,-835,-277
789,-3861,-3712,0,-3712,-925,-149
790,-4037,-3840,0,-3840,-1017,-197
791,-4211,-3968,0,-3968,-1110,-243
792,-4211,-4096,0,-4096,-1204,-115
793,-4382,-4224,0,-4224,-1299,-158
794,-4382,-4352,0,-4352,-1395,-30
795,-4551,-4480,0,-4480,-1492,-71
796,-4551,-4608,0,-4608,-1590,57
797,-4716,-4480,1,-4736,-1689,-236
798,-4716,-4608,0,-4608,-1781,-108
799,-4879,-4736,0,-4736,-1874,-143
800,-4879,-4864,0,-4864,-1968,-15
801,-5039,-4992,0,-4992,-2063,-47
802,-5039,-5120,0,-5120,-2159,81
803,-5196,-4992,1,-5248,-2256,-204
804,-5196,-5120,0,-5120,-2346,-76
805,-5350,-5248,0,-5248,-2437,-102
806,-5350,-5376,0,-5376,-2529,26
807,-5501,-5248,1,-5504,-2622,-253
808,-5501,-5376,0,-5376,-2709,-125
809,-5648,-5504,0,-5504,-2797,-144
810,-5648,-5632,0,-5632,-2886,-16
811,-5792,-5760,0,-5760,-2976,-32
812,-5792,-5888,0,-5888,-3067,96
813,-5932,-5760,1,-6016,-3160,-172
814,-5932,-5888,0,-5888,-3246,-44
815,-6069,-6016,0,-6016,-3333,-53
816,-6069,-6144,0,-6144,-3421,75
817,-6202,-6016,1,-6272,-3511,-186
818,-6202,-6144,0,-6144,-3594,-58
819,-6332,-6272,0,-6272,-3678,-60
820,-6332,-6400,0,-6400,-3764,68
821,-6457,-6272,1,-6528,-3851,-185
822,-6457,-6400,0,-6400,-3931,-57
823,-6579,-6528,0,-6528,-4013,-51
824,-6579,-6656,0,-6656,-4096,77
825,-6697,-6528,1,-6784,-4180,-169
826,-6697,-6656,0,-6656,-4258,-41
827,-6811,-6784,0,-6784,-4337,-27
828,-6811,-6912,0,-6912,-4418,101
829,-6920,-6784,1,-7040,-4500,-136
830,-6920,-6912,0,-6912,-4576,-8
831,-7026,-7040,0,-7040,-4653,14
832,-7127,-6912,1,-7168,-4732,-215
833,-7127,-7040,0,-7040,-4805,-87
834,-7224,-7168,0,-7168,-4879,-56
835,-7224,-7296,0,-7296,-4955,72
836,-7316,-7168,1,-7424,-5033,-148
837,-7316,-7296,0,-7296,-5104,-20
838,-7405,-7424,0,-7424,-5177,19
839,-7405,-7296,1,-7552,-5252,-109
840,-7488,-7424,0,-7424,-5320,-64
841,-7488,-7552,0,-7552,-5390,64
842,-7567,-7424,1,-7680,-5462,-143
843,-7567,-7552,0,-7552,-5528,-15
844,-7642,-7680,0,-7680,-5596,38
845,-7642,-7552,1,-7808,-5666,-90
846,-7712,-7680,0,-7680,-5729,-32
847,-7712,-7808,0,-7808,-5794,96
848,-7778,-7680,1,-7936,-5861,-98
849,-7778,-7808,0,-7808,-5922,30
850,-7838,-7680,1,-7936,-5985,-158
851,-7838,-7808,0,-7808,-6042,-30
852,-7894,-7936,0,-7936,-6102,42
853,-7894,-7808,1,-8064,-6164,-86
854,-7946,-7936,0,-7936,-6220,-10
855,-7946,-8064,0,-8064,-6278,118
856,-7992,-7936,1,-8192,-6338,-56
857,-7992,-8064,0,-8064,-6392,72
858,-8034,-7936,1,-8192,-6449,-98
859,-8034,-8064,0,-8064,-6500,30
860,-8070,-7936,1,-8192,-6553,-134
861,-8070,-8064,0,-8064,-6601,-6
862,-8102,-8192,0,-8192,-6651,90
863,-8102,-8064,1,-8320,-6704,-38
864,-8129,-8192,0,-8192,-6751,63
865,-8129,-8064,1,-8320,-6801,-65
866,-8152,-8192,0,-8192,-6845,40
867,-8152,-8064,1,-8320,-6892,-88
868,-8169,-8192,0,-8192,-6933,23
869,-8169,-8064,1,-8320,-6977,-105
870,-8181,-8192,0,-8192,-7015,11
871,-8181,-8064,1,-8320,-7056,-117
872,-8189,-8192,0,-8192,-7092,3
873,-8191,-8064,1,-8320,-7131,-127
874,-8191,-8192,0,-8192,-7165,1
875,-8189,-8064,1,-8320,-7202,-125
876,-8189,-8192,0,-8192,-7233,3
877,-8181,-8064,1,-8320,-7267,-117
878,-8181,-8192,0,-8192,-7296,11
879,-8169,-8064,1,-8320,-7328,-105
880,-8169,-8192,0,-8192,-7355,23
881,-8152,-8064,1,-8320,-7386,-88
882,-8152,-8192,0,-8192,-7412,40
883,-8129,-8064,1,-8320,-7441,-65
884,-8129,-8192,0,-8192,-7465,63
885,-8102,-8064,1,-8320,-7492,-38
886,-8102,-8192,0,-8192,-7514,90
887,-8070,-8064,1,-8320,-7540,-6
888,-8070,-8192,0,-8192,-7561,122
889,-8034,-8064,1,-8320,-7585,30
890,-8034,-7936,1,-8192,-7604,-98
891,-7992,-8064,0,-8064,-7619,72
892,-7992,-7936,1,-8192,-7637,-56
893,-7946,-8064,0,-8064,-7651,118
894,-7946,-7936,1,-8192,-7668,-10
895,-7894,-8064,0,-8064,-7681,170
896,-7894,-7936,1,-8192,-7697,42
897,-7838,-7808,1,-8064,-7709,-30
898,-7838,-7936,0,-7936,-7717,98
899,-7778,-7808,1,-8064,-7728,30
900,-7778,-7680,1,-7936,-7735,-98
901,-7712,-7808,0,-7808,-7738,96
902,-7712,-7680,1,-7936,-7745,-32
903,-7642,-7808,0,-7808,-7747,166
904,-7642,-7680,1,-7936,-7753,38
905,-7567,-7552,1,-7808,-7755,-15
906,-7567,-7680,0,-7680,-7753,113
907,-7488,-7552,1,-7808,-7755,64
908,-7488,-7424,1,-7680,-7753,-64
909,-7405,-7552,0,-7552,-7747,147
910,-7405,-7424,1,-7680,-7745,19
911,-7316,-7296,1,-7552,-7739,-20
912,-7316,-7424,0,-7424,-7730,108
913,-7224,-7296,1,-7552,-7725,72
914,-7224,-7168,1,-7424,-7716,-56
915,-7127,-7296,0,-7296,-7703,169
916,-7026,-7168,1,-7424,-7695,142
917,-7026,-7040,1,-7296,-7683,14
918,-6920,-6912,1,-7168,-7667,-8
919,-6920,-7040,0,-7040,-7648,120
920,-6811,-6912,1,-7168,-7633,101
921,-6811,-6784,1,-7040,-7615,-27
922,-6697,-6912,0,-6912,-7594,215
923,-6697,-6784,1,-7040,-7577,87
924,-6579,-6656,1,-6912,-7557,77
925,-6579,-6528,1,-6784,-7533,-51
926,-6457,-6656,0,-6656,-7506,199
927,-6457,-6528,1,-6784,-7484,71
928,-6332,-6400,1,-6656,-7459,68
929,-6332,-6272,1,-6528,-7430,-60
930,-6202,-6400,0,-6400,-7398,198
931,-6202,-6272,1,-6528,-7371,70
932,-6069,-6144,1,-6400,-7341,75
933,-6069,-6016,1,-6272,-7308,-53
934,-5932,-6144,0,-6144,-7272,212
935,-5932,-6016,1,-6272,-7241,84
936,-5792,-5888,1,-6144,-7207,96
937,-5792,-5760,1,-6016,-7170,-32
938,-5648,-5888,0,-5888,-7130,240
939,-5648,-5760,1,-6016,-7096,112
940,-5501,-5632,1,-5888,-7059,131
941,-5501,-5504,1,-5760,-7019,3
942,-5350,-5376,1,-5632,-6976,26
943,-5350,-5248,1,-5504,-6930,-102
944,-5196,-5376,0,-5376,-6882,180
945,-5196,-5248,1,-5504,-6839,52
946,-5039,-5120,1,-5376,-6794,81
947,-5039,-4992,1,-5248,-6746,-47
948,-4879,-5120,0,-5120,-6696,241
949,-4879,-4992,1,-5248,-6651,113
950,-4716,-4864,1,-5120,-6604,148
951,-4716,-4736,1,-4992,-6554,20
952,-4551,-4608,1,-4864,-6502,57
953,-4551,-4480,1,-4736,-6447,-71
954,-4382,-4608,0,-4608,-6390,226
955,-4382,-4480,1,-4736,-6339,98
956,-4211,-4352,1,-4608,-6285,141
957,-4037,-4224,1,-4480,-6229,187
958,-4037,-4096,1,-4352,-6171,59
959,-3861,-3968,1,-4224,-6111,107
960,-3861,-3840,1,-4096,-6049,-21
961,-3683,-3968,0,-3968,-5984,285
962,-3683,-3840,1,-4096,-5925,157
963,-3502,-3712,1,-3968,-5864,210
964,-3502,-3584,1,-3840,-5801,82
965,-3319,-3456,1,-3712,-5736,137
966,-3319,-3328,1,-3584,-5669,9
967,-3135,-3200,1,-3456,-5600,65
968,-3135,-3072,1,-3328,-5529,-63
969,-2948,-3200,0,-3200,-5457,252
970,-2948,-3072,1,-3328,-5391,124
971,-2759,-2944,1,-3200,-5323,185
972,-2759,-2816,1,-3072,-5253,57
973,-2569,-2688,1,-2944,-5181,119
974,-2569,-2560,1,-2816,-5108,-9
975,-2378,-2688,0,-2688,-5033,310
976,-2378,-2560,1,-2816,-4964,182
977,-2185,-2432,1,-2688,-4893,247
978,-2185,-2304,1,-2560,-4821,119
979,-1990,-2176,1,-2432,-4747,186
980,-1990,-2048,1,-2304,-4671,58
981,-1795,-1920,1,-2176,-4594,125
982,-1795,-1792,1,-2048,-4515,-3
983,-1598,-1920,0,-1920,-4434,322
984,-1598,-1792,1,-2048,-4360,194
985,-1400,-1664,1,-1920,-4284,264
986,-1400,-1536,1,-1792,-4207,136
987,-1202,-1408,1,-1664,-4128,206
988,-1202,-1280,1,-1536,-4047,78
989,-1003,-1152,1,-1408,-3965,149
990,-1003,-1024,1,-1280,-3882,21
991,-803,-896,1,-1152,-3797,93
992,-803,-768,1,-1024,-3711,-35
993,-603,-896,0,-896,-3624,293
994,-603,-768,1,-1024,-3543,165
995,-402,-640,1,-896,-3461,238
996,-402,-512,1,-768,-3377,110
997,-201,-384,1,-640,-3292,183
998,0,-256,1,-512,-3206,256
999,0,-128,1,-384,-3118,128
1000,201,0,1,-256,-3029,201
1001,201,128,1,-128,-2939,73
1002,402,256,1,0,-2848,146
1003,402,384,1,128,-2755,18
1004,603,512,1,256,-2661,91
1005,603,640,1,384,-2566,-37
1006,803,512,0,512,-2470,291
1007,803,640,1,384,-2381,163
1008,1003,768,1,512,-2291,235
1009,1003,896,1,640,-2200,107
1010,1202,1024,1,768,-2108,178
1011,1202,1152,1,896,-2015,50
1012,1400,1280,1,1024,-1921,120
1013,1400,1408,1,1152,-1825,-8
1014,1598,1280,0,1280,-1728,318
1015,1598,1408,1,1152,-1638,190
1016,1795,1536,1,1280,-1547,259
1017,1795,1664,1,1408,-1455,131
1018,1990,1792,1,1536,-1362,198
1019,1990,1920,1,1664,-1268,70
1020,2185,2048,1,1792,-1173,137
1021,2185,2176,1,1920,-1077,9
1022,2378,2304,1,2048,-980,74
1023,2378,2432,1,2176,-882,-54
1024,2569,2304,0,2304,-783,265
1025,2569,2432,1,2176,-691,137
1026,2759,2560,1,2304,-598,199
1027,2759,2688,1,2432,-504,71
1028,2948,2816,1,2560,-409,132
1029,2948,2944,1,2688,-313,4
1030,3135,3072,1,2816,-216,63
1031,3135,3200,1,2944,-118,-65
1032,3319,3072,0,3072,-19,247
1033,3319,3200,1,2944,73,119
1034,3502,3328,1,3072,166,174
1035,3502,3456,1,3200,260,46
1036,3683,3584,1,3328,355,99
1037,3683,3712,1,3456,451,-29
1038,3861,3584,0,3584,548,277
1039,3861,3712,1,3456,638,149
1040,4037,3840,1,3584,730,197
1041,4211,3968,1,3712,823,243
1042,4211,4096,1,3840,917,115
1043,4382,4224,1,3968,1012,158
1044,4382,4352,1,4096,1108,30
1045,4551,4480,1,4224,1205,71
1046,4551,4608,1,4352,1303,-57
1047,4716,4480,0,4480,1402,236
1048,4716,4608,1,4352,1494,108
1049,4879,4736,1,4480,1587,143
1050,4879,4864,1,4608,1681,15
1051,5039,4992,1,4736,1776,47
1052,5039,5120,1,4864,1872,-81
1053,5196,4992,0,4992,1969,204
1054,5196,5120,1,4864,2059,76
1055,5350,5248,1,4992,2150,102
1056,5350,5376,1,5120,2242,-26
1057,5501,5248,0,5248,2335,253
1058,5501,5376,1,5120,2422,125
1059,5648,5504,1,5248,2510,144
1060,5648,5632,1,5376,2599,16
1061,5792,5760,1,5504,2689,32
1062,5792,5888,1,5632,2780,-96
1063,5932,5760,0,5760,2873,172
1064,5932,5888,1,5632,2959,44
1065,6069,6016,1,5760,3046,53
1066,6069,6144,1,5888,3134,-75
1067,6202,6016,0,6016,3224,186
1068,6202,6144,1,5888,3307,58
1069,6332,6272,1,6016,3391,60
1070,6332,6400,1,6144,3477,-68
1071,6457,6272,0,6272,3564,185
1072,6457,6400,1,6144,3644,57
1073,6579,6528,1,6272,3726,51
1074,6579,6656,1,6400,3809,-77
1075,6697,6528,0,6528,3893,169
1076,6697,6656,1,6400,3971,41
1077,6811,6784,1,6528,4050,27
1078,6811,6912,1,6656,4131,-101
1079,6920,6784,0,6784,4213,136
1080,6920,6912,1,6656,4289,8
1081,7026,7040,1,6784,4366,-14
1082,7127,6912,0,6912,4445,215
1083,7127,7040,1,6784,4518,87
1084,7224,7168,1,6912,4592,56
1085,7224,7296,1,7040,4668,-72
1086,7316,7168,0,7168,4746,148
1087,7316,7296,1,7040,4817,20
1088,7405,7424,1,7168,4890,-19
1089,7405,7296,0,7296,4965,109
1090,7488,7424,1,7168,5033,64
1091,7488,7552,1,7296,5103,-64
1092,7567,7424,0,7424,5175,143
1093,7567,7552,1,7296,5241,15
1094,7642,7680,1,7424,5309,-38
1095,7642,7552,0,7552,5379,90
1096,7712,7680,1,7424,5442,32
1097,7712,7808,1,7552,5507,-96
1098,7778,7680,0,7680,5574,98
1099,7778,7808,1,7552,5635,-30
1100,7838,7680,0,7680,5698,158
1101,7838,7808,1,7552,5755,30
1102,7894,7936,1,7680,5815,-42
1103,7894,7808,0,7808,5877,86
1104,7946,7936,1,7680,5933,10
1105,7946,8064,1,7808,5991,-118
1106,7992,7936,0,7936,6051,56
1107,7992,8064,1,7808,6105,-72
1108,8034,7936,0,7936,6162,98
1109,8034,8064,1,7808,6213,-30
1110,8070,7936,0,7936,6266,134
1111,8070,8064,1,7808,6314,6
1112,8102,8192,1,7936,6364,-90
1113,8102,8064,0,8064,6417,38
1114,8129,8192,1,7936,6464,-63
1115,8129,8064,0,8064,6514,65
1116,8152,8192,1,7936,6558,-40
1117,8152,8064,0,8064,6605,88
1118,8169,8192,1,7936,6646,-23
1119,8169,8064,0,8064,6690,105
1120,8181,8192,1,7936,6728,-11
1121,8181,8064,0,8064,6769,117
1122,8189,8192,1,7936,6805,-3
1123,8191,8064,0,8064,6844,127
1124,8191,8192,1,7936,6878,-1
1125,8189,8064,0,8064,6915,125
1126,8189,8192,1,7936,6946,-3
1127,8181,8064,0,8064,6980,117
1128,8181,8192,1,7936,7009,-11
1129,8169,8064,0,8064,7041,105
1130,8169,8192,1,7936,7068,-23
1131,8152,8064,0,8064,7099,88
1132,8152,8192,1,7936,7125,-40
1133,8129,8064,0,8064,7154,65
1134,8129,8192,1,7936,7178,-63
1135,8102,8064,0,8064,7205,38
1136,8102,8192,1,7936,7227,-90
1137,8070,8064,0,8064,7253,6
1138,8070,8192,1,7936,7274,-122
1139,8034,8064,0,8064,7298,-30
1140,8034,7936,0,7936,7317,98
1141,7992,8064,1,7808,7332,-72
1142,7992,7936,0,7936,7350,56
1143,7946,8064,1,7808,7364,-118
1144,7946,7936,0,7936,7381,10
1145,7894,8064,1,7808,7394,-170
1146,7894,7936,0,7936,7410,-42
1147,7838,7808,0,7808,7422,30
1148,7838,7936,1,7680,7430,-98
1149,7778,7808,0,7808,7441,-30
1150,7778,7680,0,7680,7448,98
1151,7712,7808,1,7552,7451,-96
1152,7712,7680,0,7680,7458,32
1153,7642,7808,1,7552,7460,-166
1154,7642,7680,0,7680,7466,-38
1155,7567,7552,0,7552,7468,15
1156,7567,7680,1,7424,7466,-113
1157,7488,7552,0,7552,7468,-64
1158,7488,7424,0,7424,7466,64
1159,7405,7552,1,7296,7460,-147
1160,7405,7424,0,7424,7458,-19
1161,7316,7296,0,7296,7452,20
1162,7316,7424,1,7168,7443,-108
1163,7224,7296,0,7296,7438,-72
1164,7224,7168,0,7168,7429,56
1165,7127,7296,1,7040,7416,-169
1166,7026,7168,0,7168,7408,-142
1167,7026,7040,0,7040,7396,-14
1168,6920,6912,0,6912,7380,8
1169,6920,7040,1,6784,7361,-120
1170,6811,6912,0,6912,7346,-101
1171,6811,6784,0,6784,7328,27
1172,6697,6912,1,6656,7307,-215
1173,6697,6784,0,6784,7290,-87
1174,6579,6656,0,6656,7270,-77
1175,6579,6528,0,6528,7246,51
1176,6457,6656,1,6400,7219,-199
1177,6457,6528,0,6528,7197,-71
1178,6332,6400,0,6400,7172,-68
1179,6332,6272,0,6272,7143,60
1180,6202,6400,1,6144,7111,-198
1181,6202,6272,0,6272,7084,-70
1182,6069,6144,0,6144,7054,-75
1183,6069,6016,0,6016,7021,53
1184,5932,6144,1,5888,6985,-212
1185,5932,6016,0,6016,6954,-84
1186,5792,5888,0,5888,6920,-96
1187,5792,5760,0,5760,6883,32
1188,5648,5888,1,5632,6843,-240
1189,5648,5760,0,5760,6809,-112
1190,5501,5632,0,5632,6772,-131
1191,5501,5504,0,5504,6732,-3
1192,5350,5376,0,5376,6689,-26
1193,5350,5248,0,5248,6643,102
1194,5196,5376,1,5120,6595,-180
1195,5196,5248,0,5248,6552,-52
1196,5039,5120,0,5120,6507,-81
1197,5039,4992,0,4992,6459,47
1198,4879,5120,1,4864,6409,-241
1199,4879,4992,0,4992,6364,-113
1200,4716,4864,0,4864,6317,-148
1201,4716,4736,0,4736,6267,-20
1202,4551,4608,0,4608,6215,-57
1203,4551,4480,0,4480,6160,71
1204,4382,4608,1,4352,6103,-226
1205,4382,4480,0,4480,6052,-98
1206,4211,4352,0,4352,5998,-141
1207,4037,4224,0,4224,5942,-187
1208,4037,4096,0,4096,5884,-59
1209,3861,3968,0,3968,5824,-107
1210,3861,3840,0,3840,5762,21
1211,3683,3968,1,3712,5697,-285
1212,3683,3840,0,3840,5638,-157
1213,3502,3712,0,3712,5577,-210
1214,3502,3584,0,3584,5514,-82
1215,3319,3456,0,3456,5449,-137
1216,3319,3328,0,3328,5382,-9
1217,3135,3200,0,3200,5313,-65
1218,3135,3072,0,3072,5242,63
1219,2948,3200,1,2944,5170,-252
1220,2948,3072,0,3072,5104,-124
1221,2759,2944,0,2944,5036,-185
1222,2759,2816,0,2816,4966,-57
1223,2569,2688,0,2688,4894,-119
1224,2569,2560,0,2560,4821,9
1225,2378,2688,1,2432,4746,-310
1226,2378,2560,0,2560,4677,-182
1227,2185,2432,0,2432,4606,-247
1228,2185,2304,0,2304,4534,-119
1229,1990,2176,0,2176,4460,-186
1230,1990,2048,0,2048,4384,-58
1231,1795,1920,0,1920,4307,-125
1232,1795,1792,0,1792,4228,3
1233,1598,1920,1,1664,4147,-322
1234,1598,1792,0,1792,4073,-194
1235,1400,1664,0,1664,3997,-264
1236,1400,1536,0,1536,3920,-136
1237,1202,1408,0,1408,3841,-206
1238,1202,1280,0,1280,3760,-78
1239,1003,1152,0,1152,3678,-149
1240,1003,1024,0,1024,3595,-21
1241,803,896,0,896,3510,-93
1242,803,768,0,768,3424,35
1243,603,896,1,640,3337,-293
1244,603,768,0,768,3256,-165
1245,402,640,0,640,3174,-238
1246,402,512,0,512,3090,-110
1247,201,384,0,384,3005,-183
1248,0,256,0,256,2919,-256
1249,0,128,0,128,2831,-128
1250,-201,0,0,0,2742,-201
1251,-201,-128,0,-128,2652,-73
1252,-402,-256,0,-256,2561,-146
1253,-402,-384,0,-384,2468,-18
1254,-603,-512,0,-512,2374,-91
1255,-603,-640,0,-640,2279,37
1256,-803,-512,1,-768,2183,-291
1257,-803,-640,0,-640,2094,-163
1258,-1003,-768,0,-768,2004,-235
1259,-1003,-896,0,-896,1913,-107
1260,-1202,-1024,0,-1024,1821,-178
1261,-1202,-1152,0,-1152,1728,-50
1262,-1400,-1280,0,-1280,1634,-120
1263,-1400,-1408,0,-1408,1538,8
1264,-1598,-1280,1,-1536,1441,-318
1265,-1598,-1408,0,-1408,1351,-190
1266,-1795,-1536,0,-1536,1260,-259
1267,-1795,-1664,0,-1664,1168,-131
1268,-1990,-1792,0,-1792,1075,-198
1269,-1990,-1920,0,-1920,981,-70
1270,-2185,-2048,0,-2048,886,-137
1271,-2185,-2176,0,-2176,790,-9
1272,-2378,-2304,0,-2304,693,-74
1273,-2378,-2432,0,-2432,595,54
1274,-2569,-2304,1,-2560,496,-265
1275,-2569,-2432,0,-2432,404,-137
1276,-2759,-2560,0,-2560,311,-199
1277,-2759,-2688,0,-2688,217,-71
1278,-2948,-2816,0,-2816,122,-132
1279,-2948,-2944,0,-2944,26,-4
1280,-3135,-3072,0,-3072,-71,-63
1281,-3135,-3200,0,-3200,-169,65
1282,-3319,-3072,1,-3328,-268,-247
1283,-3319,-3200,0,-3200,-360,-119
1284,-3502,-3328,0,-3328,-453,-174
1285,-3502,-3456,0,-3456,-547,-46
1286,-3683,-3584,0,-3584,-642,-99
1287,-3683,-3712,0,-3712,-738,29
1288,-3861,-3584,1,-3840,-835,-277
1289,-3861,-3712,0,-3712,-925,-149
1290,-4037,-3840,0,-3840,-1017,-197
1291,-4211,-3968,0,-3968,-1110,-243
1292,-4211,-4096,0,-4096,-1204,-115
1293,-4382,-4224,0,-4224,-1299,-158
1294,-4382,-4352,0,-4352,-1395,-30
1295,-4551,-4480,0,-4480,-1492,-71
1296,-4551,-4608,0,-4608,-1590,57
1297,-4716,-4480,1,-4736,-1689,-236
1298,-4716,-4608,0,-4608,-1781,-108
1299,-4879,-4736,0,-4736,-1874,-143
1300,-4879,-4864,0,-4864,-1968,-15
1301,-5039,-4992,0,-4992,-2063,-47
1302,-5039,-5120,0,-5120,-2159,81
1303,-5196,-4992,1,-5248,-2256,-204
1304,-5196,-5120,0,-5120,-2346,-76
1305,-5350,-5248,0,-5248,-2437,-102
1306,-5350,-5376,0,-5376,-2529,26
1307,-5501,-5248,1,-5504,-2622,-253
1308,-5501,-5376,0,-5376,-2709,-125
1309,-5648,-5504,0,-5504,-2797,-144
1310,-5648,-5632,0,-5632,-2886,-16
1311,-5792,-5760,0,-5760,-2976,-32
1312,-5792,-5888,0,-5888,-3067,96
1313,-5932,-5760,1,-6016,-3160,-172
1314,-5932,-5888,0,-5888,-3246,-44
1315,-6069,-6016,0,-6016,-3333,-53
1316,-6069,-6144,0,-6144,-3421,75
1317,-6202,-6016,1,-6272,-3511,-186
1318,-6202,-6144,0,-6144,-3594,-58
1319,-6332,-6272,0,-6272,-3678,-60
1320,-6332,-6400,0,-6400,-3764,68
1321,-6457,-6272,1,-6528,-3851,-185
1322,-6457,-6400,0,-6400,-3931,-57
1323,-6579,-6528,0,-6528,-4013,-51
1324,-6579,-6656,0,-6656,-4096,77
1325,-6697,-6528,1,-6784,-4180,-169
1326,-6697,-6656,0,-6656,-4258,-41
1327,-6811,-6784,0,-6784,-4337,-27
1328,-6811,-6912,0,-6912,-4418,101
1329,-6920,-6784,1,-7040,-4500,-136
1330,-6920,-6912,0,-6912,-4576,-8
1331,-7026,-7040,0,-7040,-4653,14
1332,-7127,-6912,1,-7168,-4732,-215
1333,-7127,-7040,0,-7040,-4805,-87
1334,-7224,-7168,0,-7168,-4879,-56
1335,-7224,-7296,0,-7296,-4955,72
1336,-7316,-7168,1,-7424,-5033,-148
1337,-7316,-7296,0,-7296,-5104,-20
1338,-7405,-7424,0,-7424,-5177,19
1339,-7405,-7296,1,-7552,-5252,-109
1340,-7488,-7424,0,-7424,-5320,-64
1341,-7488,-7552,0,-7552,-5390,64
1342,-7567,-7424,1,-7680,-5462,-143
1343,-7567,-7552,0,-7552,-5528,-15
1344,-7642,-7680,0,-7680,-5596,38
1345,-7642,-7552,1,-7808,-5666,-90
1346,-7712,-7680,0,-7680,-5729,-32
1347,-7712,-7808,0,-7808,-5794,96
1348,-7778,-7680,1,-7936,-5861,-98
1349,-7778,-7808,0,-7808,-5922,30
1350,-7838,-7680,1,-7936,-5985,-158
1351,-7838,-7808,0,-7808,-6042,-30
1352,-7894,-7936,0,-7936,-6102,42
1353,-7894,-7808,1,-8064,-6164,-86
1354,-7946,-7936,0,-7936,-6220,-10
1355,-7946,-8064,0,-8064,-6278,118
1356,-7992,-7936,1,-8192,-6338,-56
1357,-7992,-8064,0,-8064,-6392,72
1358,-8034,-7936,1,-8192,-6449,-98
1359,-8034,-8064,0,-8064,-6500,30
1360,-8070,-7936,1,-8192,-6553,-134
1361,-8070,-8064,0,-8064,-6601,-6
1362,-8102,-8192,0,-8192,-6651,90
1363,-8102,-8064,1,-8320,-6704,-38
1364,-8129,-8192,0,-8192,-6751,63
1365,-8129,-8064,1,-8320,-6801,-65
1366,-8152,-8192,0,-8192,-6845,40
1367,-8152,-8064,1,-8320,-6892,-88
1368,-8169,-8192,0,-8192,-6933,23
1369,-8169,-8064,1,-8320,-6977,-105
1370,-8181,-8192,0,-8192,-7015,11
1371,-8181,-8064,1,-8320,-7056,-117
1372,-8189,-8192,0,-8192,-7092,3
1373,-8191,-8064,1,-8320,-7131,-127
1374,-8191,-8192,0,-8192,-7165,1
1375,-8189,-8064,1,-8320,-7202,-125
1376,-8189,-8192,0,-8192,-7233,3
1377,-8181,-8064,1,-8320,-7267,-117
1378,-8181,-8192,0,-8192,-7296,11
1379,-8169,-8064,1,-8320,-7328,-105
1380,-8169,-8192,0,-8192,-7355,23
1381,-8152,-8064,1,-8320,-7386,-88
1382,-8152,-8192,0,-8192,-7412,40
1383,-8129,-8064,1,-8320,-7441,-65
1384,-8129,-8192,0,-8192,-7465,63
1385,-8102,-8064,1,-8320,-7492,-38
1386,-8102,-8192,0,-8192,-7514,90
1387,-8070,-8064,1,-8320,-7540,-6
1388,-8070,-8192,0,-8192,-7561,122
1389,-8034,-8064,1,-8320,-7585,30
1390,-8034,-7936,1,-8192,-7604,-98
1391,-7992,-8064,0,-8064,-7619,72
1392,-7992,-7936,1,-8192,-7637,-56
1393,-7946,-8064,0,-8064,-7651,118
1394,-7946,-7936,1,-8192,-7668,-10
1395,-7894,-8064,0,-8064,-7681,170
1396,-7894,-7936,1,-8192,-7697,42
1397,-7838,-7808,1,-8064,-7709,-30
1398,-7838,-7936,0,-7936,-7717,98
1399,-7778,-7808,1,-8064,-7728,30
1400,-7778,-7680,1,-7936,-7735,-98
1401,-7712,-7808,0,-7808,-7738,96
1402,-7712,-7680,1,-7936,-7745,-32
1403,-7642,-7808,0,-7808,-7747,166
1404,-7642,-7680,1,-7936,-7753,38
1405,-7567,-7552,1,-7808,-7755,-15
1406,-7567,-7680,0,-7680,-7753,113
1407,-7488,-7552,1,-7808,-7755,64
1408,-7488,-7424,1,-7680,-7753,-64
1409,-7405,-7552,0,-7552,-7747,147
1410,-7405,-7424,1,-7680,-7745,19
1411,-7316,-7296,1,-7552,-7739,-20
1412,-7316,-7424,0,-7424,-7730,108
1413,-7224,-7296,1,-7552,-7725,72
1414,-7224,-7168,1,-7424,-7716,-56
1415,-7127,-7296,0,-7296,-7703,169
1416,-7026,-7168,1,-7424,-7695,142
1417,-7026,-7040,1,-7296,-7683,14
1418,-6920,-6912,1,-7168,-7667,-8
1419,-6920,-7040,0,-7040,-7648,120
1420,-6811,-6912,1,-7168,-7633,101
1421,-6811,-6784,1,-7040,-7615,-27
1422,-6697,-6912,0,-6912,-7594,215
1423,-6697,-6784,1,-7040,-7577,87
1424,-6579,-6656,1,-6912,-7557,77
1425,-6579,-6528,1,-6784,-7533,-51
1426,-6457,-6656,0,-6656,-7506,199
1427,-6457,-6528,1,-6784,-7484,71
1428,-6332,-6400,1,-6656,-7459,68
1429,-6332,-6272,1,-6528,-7430,-60
1430,-6202,-6400,0,-6400,-7398,198
1431,-6202,-6272,1,-6528,-7371,70
1432,-6069,-6144,1,-6400,-7341,75
1433,-6069,-6016,1,-6272,-7308,-53
1434,-5932,-6144,0,-6144,-7272,212
1435,-5932,-6016,1,-6272,-7241,84
1436,-5792,-5888,1,-6144,-7207,96
1437,-5792,-5760,1,-6016,-7170,-32
1438,-5648,-5888,0,-5888,-7130,240
1439,-5648,-5760,1,-6016,-7096,112
1440,-5501,-5632,1,-5888,-7059,131
1441,-5501,-5504,1,-5760,-7019,3
1442,-5350,-5376,1,-5632,-6976,26
1443,-5350,-5248,1,-5504,-6930,-102
1444,-5196,-5376,0,-5376,-6882,180
1445,-5196,-5248,1,-5504,-6839,52
1446,-5039,-5120,1,-5376,-6794,81
1447,-5039,-4992,1,-5248,-6746,-47
1448,-4879,-5120,0,-5120,-6696,241
1449,-4879,-4992,1,-5248,-6651,113
1450,-4716,-4864,1,-5120,-6604,148
1451,-4716,-4736,1,-4992,-6554,20
1452,-4551,-4608,1,-4864,-6502,57
1453,-4551,-4480,1,-4736,-6447,-71
1454,-4382,-4608,0,-4608,-6390,226
1455,-4382,-4480,1,-4736,-6339,98
1456,-4211,-4352,1,-4608,-6285,141
1457,-4037,-4224,1,-4480,-6229,187
1458,-4037,-4096,1,-4352,-6171,59
1459,-3861,-3968,1,-4224,-6111,107
1460,-3861,-3840,1,-4096,-6049,-21
1461,-3683,-3968,0,-3968,-5984,285
1462,-3683,-3840,1,-4096,-5925,157
1463,-3502,-3712,1,-3968,-5864,210
1464,-3502,-3584,1,-3840,-5801,82
1465,-3319,-3456,1,-3712,-5736,137
1466,-3319,-3328,1,-3584,-5669,9
1467,-3135,-3200,1,-3456,-5600,65
1468,-3135,-3072,1,-3328,-5529,-63
1469,-2948,-3200,0,-3200,-5457,252
1470,-2948,-3072,1,-3328,-5391,124
1471,-2759,-2944,1,-3200,-5323,185
1472,-2759,-2816,1,-3072,-5253,57
1473,-2569,-2688,1,-2944,-5181,119
1474,-2569,-2560,1,-2816,-5108,-9
1475,-2378,-2688,0,-2688,-5033,310
1476,-2378,-2560,1,-2816,-4964,182
1477,-2185,-2432,1,-2688,-4893,247
1478,-2185,-2304,1,-2560,-4821,119
1479,-1990,-2176,1,-2432,-4747,186
1480,-1990,-2048,1,-2304,-4671,58
1481,-1795,-1920,1,-2176,-4594,125
1482,-1795,-1792,1,-2048,-4515,-3
1483,-1598,-1920,0,-1920,-4434,322
1484,-1598,-1792,1,-2048,-4360,194
1485,-1400,-1664,1,-1920,-4284,264
1486,-1400,-1536,1,-1792,-4207,136
1487,-1202,-1408,1,-1664,-4128,206
1488,-1202,-1280,1,-1536,-4047,78
1489,-1003,-1152,1,-1408,-3965,149
1490,-1003,-1024,1,-1280,-3882,21
1491,-803,-896,1,-1152,-3797,93
1492,-803,-768,1,-1024,-3711,-35
1493,-603,-896,0,-896,-3624,293
1494,-603,-768,1,-1024,-3543,165
1495,-402,-640,1,-896,-3461,238
1496,-402,-512,1,-768,-3377,110
1497,-201,-384,1,-640,-3292,183
1498,0,-256,1,-512,-3206,256
1499,0,-128,1,-384,-3118,128
1500,201,0,1,-256,-3029,201
1501,201,128,1,-128,-2939,73
1502,402,256,1,0,-2848,146
1503,402,384,1,128,-2755,18
1504,603,512,1,256,-2661,91
1505,603,640,1,384,-2566,-37
1506,803,512,0,512,-2470,291
1507,803,640,1,384,-2381,163
1508,1003,768,1,512,-2291,235
1509,1003,896,1,640,-2200,107
1510,1202,1024,1,768,-2108,178
1511,1202,1152,1,896,-2015,50
1512,1400,1280,1,1024,-1921,120
1513,1400,1408,1,1152,-1825,-8
1514,1598,1280,0,1280,-1728,318
1515,1598,1408,1,1152,-1638,190
1516,1795,1536,1,1280,-1547,259
1517,1795,1664,1,1408,-1455,131
1518,1990,1792,1,1536,-1362,198
1519,1990,1920,1,1664,-1268,70
1520,2185,2048,1,1792,-1173,137
1521,2185,2176,1,1920,-1077,9
1522,2378,2304,1,2048,-980,74
1523,2378,2432,1,2176,-882,-54
1524,2569,2304,0,2304,-783,265
1525,2569,2432,1,2176,-691,137
1526,2759,2560,1,2304,-598,199
1527,2759,2688,1,2432,-504,71
1528,2948,2816,1,2560,-409,132
1529,2948,2944,1,2688,-313,4
1530,3135,3072,1,2816,-216,63
1531,3135,3200,1,2944,-118,-65
1532,3319,3072,0,3072,-19,247
1533,3319,3200,1,2944,73,119
1534,3502,3328,1,3072,166,174
1535,3502,3456,1,3200,260,46
1536,3683,3584,1,3328,355,99
1537,3683,3712,1,3456,451,-29
1538,3861,3584,0,3584,548,277
1539,3861,3712,1,3456,638,149
1540,4037,3840,1,3584,730,197
1541,4211,3968,1,3712,823,243
1542,4211,4096,1,3840,917,115
1543,4382,4224,1,3968,1012,158
1544,4382,4352,1,4096,1108,30
1545,4551,4480,1,4224,1205,71
1546,4551,4608,1,4352,1303,-57
1547,4716,4480,0,4480,1402,236
1548,4716,4608,1,4352,1494,108
1549,4879,4736,1,4480,1587,143
1550,4879,4864,1,4608,1681,15
1551,5039,4992,1,4736,1776,47
1552,5039,5120,1,4864,1872,-81
1553,5196,4992,0,4992,1969,204
1554,5196,5120,1,4864,2059,76
1555,5350,5248,1,4992,2150,102
1556,5350,5376,1,5120,2242,-26
1557,5501,5248,0,5248,2335,253
1558,5501,5376,1,5120,2422,125
1559,5648,5504,1,5248,2510,144
1560,5648,5632,1,5376,2599,16
1561,5792,5760,1,5504,2689,32
1562,5792,5888,1,5632,2780,-96
1563,5932,5760,0,5760,2873,172
1564,5932,5888,1,5632,2959,44
1565,6069,6016,1,5760,3046,53
1566,6069,6144,1,5888,3134,-75
1567,6202,6016,0,6016,3224,186
1568,6202,6144,1,5888,3307,58
1569,6332,6272,1,6016,3391,60
1570,6332,6400,1,6144,3477,-68
1571,6457,6272,0,6272,3564,185
1572,6457,6400,1,6144,3644,57
1573,6579,6528,1,6272,3726,51
1574,6579,6656,1,6400,3809,-77
1575,6697,6528,0,6528,3893,169
1576,6697,6656,1,6400,3971,41
1577,6811,6784,1,6528,4050,27
1578,6811,6912,1,6656,4131,-101
1579,6920,6784,0,6784,4213,136
1580,6920,6912,1,6656,4289,8
1581,7026,7040,1,6784,4366,-14
1582,7127,6912,0,6912,4445,215
1583,7127,7040,1,6784,4518,87
1584,7224,7168,1,6912,4592,56
1585,7224,7296,1,7040,4668,-72
1586,7316,7168,0,7168,4746,148
1587,7316,7296,1,7040,4817,20
1588,7405,7424,1,7168,4890,-19
1589,7405,7296,0,7296,4965,109
1590,7488,7424,1,7168,5033,64
1591,7488,7552,1,7296,5103,-64
1592,7567,7424,0,7424,5175,143
1593,7567,7552,1,7296,5241,15
1594,7642,7680,1,7424,5309,-38
1595,7642,7552,0,7552,5379,90
1596,7712,7680,1,7424,5442,32
1597,7712,7808,1,7552,5507,-96
1598,7778,7680,0,7680,5574,98
1599,7778,7808,1,7552,5635,-30
1600,7838,7680,0,7680,5698,158
1601,7838,7808,1,7552,5755,30
1602,7894,7936,1,7680,5815,-42
1603,7894,7808,0,7808,5877,86
1604,7946,7936,1,7680,5933,10
1605,7946,8064,1,7808,5991,-118
1606,7992,7936,0,7936,6051,56
1607,7992,8064,1,7808,6105,-72
1608,8034,7936,0,7936,6162,98
1609,8034,8064,1,7808,6213,-30
1610,8070,7936,0,7936,6266,134
1611,8070,8064,1,7808,6314,6
1612,8102,8192,1,7936,6364,-90
1613,8102,8064,0,8064,6417,38
1614,8129,8192,1,7936,6464,-63
1615,8129,8064,0,8064,6514,65
1616,8152,8192,1,7936,6558,-40
1617,8152,8064,0,8064,6605,88
1618,8169,8192,1,7936,6646,-23
1619,8169,8064,0,8064,6690,105
1620,8181,8192,1,7936,6728,-11
1621,8181,8064,0,8064,6769,117
1622,8189,8192,1,7936,6805,-3
1623,8191,8064,0,8064,6844,127
1624,8191,8192,1,7936,6878,-1
1625,8189,8064,0,8064,6915,125
1626,8189,8192,1,7936,6946,-3
1627,8181,8064,0,8064,6980,117
1628,8181,8192,1,7936,7009,-11
1629,8169,8064,0,8064,7041,105
1630,8169,8192,1,7936,7068,-23
1631,8152,8064,0,8064,7099,88
1632,8152,8192,1,7936,7125,-40
1633,8129,8064,0,8064,7154,65
1634,8129,8192,1,7936,7178,-63
1635,8102,8064,0,8064,7205,38
1636,8102,8192,1,7936,7227,-90
1637,8070,8064,0,8064,7253,6
1638,8070,8192,1,7936,7274,-122
1639,8034,8064,0,8064,7298,-30
1640,8034,7936,0,7936,7317,98
1641,7992,8064,1,7808,7332,-72
1642,7992,7936,0,7936,7350,56
1643,7946,8064,1,7808,7364,-118
1644,7946,7936,0,7936,7381,10
1645,7894,8064,1,7808,7394,-170
1646,7894,7936,0,7936,7410,-42
1647,7838,7808,0,7808,7422,30
1648,7838,7936,1,7680,7430,-98
1649,7778,7808,0,7808,7441,-30
1650,7778,7680,0,7680,7448,98
1651,7712,7808,1,7552,7451,-96
1652,7712,7680,0,7680,7458,32
1653,7642,7808,1,7552,7460,-166
1654,7642,7680,0,7680,7466,-38
1655,7567,7552,0,7552,7468,15
1656,7567,7680,1,7424,7466,-113
1657,7488,7552,0,7552,7468,-64
1658,7488,7424,0,7424,7466,64
1659,7405,7552,1,7296,7460,-147
1660,7405,7424,0,7424,7458,-19
1661,7316,7296,0,7296,7452,20
1662,7316,7424,1,7168,7443,-108
1663,7224,7296,0,7296,7438,-72
1664,7224,7168,0,7168,7429,56
1665,7127,7296,1,7040,7416,-169
1666,7026,7168,0,7168,7408,-142
1667,7026,7040,0,7040,7396,-14
1668,6920,6912,0,6912,7380,8
1669,6920,7040,1,6784,7361,-120
1670,6811,6912,0,6912,7346,-101
1671,6811,6784,0,6784,7328,27
1672,6697,6912,1,6656,7307,-215
1673,6697,6784,0,6784,7290,-87
1674,6579,6656,0,6656,7270,-77
1675,6579,6528,0,6528,7246,51
1676,6457,6656,1,6400,7219,-199
1677,6457,6528,0,6528,7197,-71
1678,6332,6400,0,6400,7172,-68
1679,6332,6272,0,6272,7143,60
1680,6202,6400,1,6144,7111,-198
1681,6202,6272,0,6272,7084,-70
1682,6069,6144,0,6144,7054,-75
1683,6069,6016,0,6016,7021,53
1684,5932,6144,1,5888,6985,-212
1685,5932,6016,0,6016,6954,-84
1686,5792,5888,0,5888,6920,-96
1687,5792,5760,0,5760,6883,32
1688,5648,5888,1,5632,6843,-240
1689,5648,5760,0,5760,6809,-112
1690,5501,5632,0,5632,6772,-131
1691,5501,5504,0,5504,6732,-3
1692,5350,5376,0,5376,6689,-26
1693,5350,5248,0,5248,6643,102
1694,5196,5376,1,5120,6595,-180
1695,5196,5248,0,5248,6552,-52
1696,5039,5120,0,5120,6507,-81
1697,5039,4992,0,4992,6459,47
1698,4879,5120,1,4864,6409,-241
1699,4879,4992,0,4992,6364,-113
1700,4716,4864,0,4864,6317,-148
1701,4716,4736,0,4736,6267,-20
1702,4551,4608,0,4608,6215,-57
1703,4551,4480,0,4480,6160,71
1704,4382,4608,1,4352,6103,-226
1705,4382,4480,0,4480,6052,-98
1706,4211,4352,0,4352,5998,-141
1707,4037,4224,0,4224,5942,-187
1708,4037,4096,0,4096,5884,-59
1709,3861,3968,0,3968,5824,-107
1710,3861,3840,0,3840,5762,21
1711,3683,3968,1,3712,5697,-285
1712,3683,3840,0,3840,5638,-157
1713,3502,3712,0,3712,5577,-210
1714,3502,3584,0,3584,5514,-82
1715,3319,3456,0,3456,5449,-137
1716,3319,3328,0,3328,5382,-9
1717,3135,3200,0,3200,5313,-65
1718,3135,3072,0,3072,5242,63
1719,2948,3200,1,2944,5170,-252
1720,2948,3072,0,3072,5104,-124
1721,2759,2944,0,2944,5036,-185
1722,2759,2816,0,2816,4966,-57
1723,2569,2688,0,2688,4894,-119
1724,2569,2560,0,2560,4821,9
1725,2378,2688,1,2432,4746,-310
1726,2378,2560,0,2560,4677,-182
1727,2185,2432,0,2432,4606,-247
1728,2185,2304,0,2304,4534,-119
1729,1990,2176,0,2176,4460,-186
1730,1990,2048,0,2048,4384,-58
1731,1795,1920,0,1920,4307,-125
1732,1795,1792,0,1792,4228,3
1733,1598,1920,1,1664,4147,-322
1734,1598,1792,0,1792,4073,-194
1735,1400,1664,0,1664,3997,-264
1736,1400,1536,0,1536,3920,-136
1737,1202,1408,0,1408,3841,-206
1738,1202,1280,0,1280,3760,-78
1739,1003,1152,0,1152,3678,-149
1740,1003,1024,0,1024,3595,-21
1741,803,896,0,896,3510,-93
1742,803,768,0,768,3424,35
1743,603,896,1,640,3337,-293
1744,603,768,0,768,3256,-165
1745,402,640,0,640,3174,-238
1746,402,512,0,512,3090,-110
1747,201,384,0,384,3005,-183
1748,0,256,0,256,2919,-256
1749,0,128,0,128,2831,-128
1750,-201,0,0,0,2742,-201
1751,-201,-128,0,-128,2652,-73
1752,-402,-256,0,-256,2561,-146
1753,-402,-384,0,-384,2468,-18
1754,-603,-512,0,-512,2374,-91
1755,-603,-640,0,-640,2279,37
1756,-803,-512,1,-768,2183,-291
1757,-803,-640,0,-640,2094,-163
1758,-1003,-768,0,-768,2004,-235
1759,-1003,-896,0,-896,1913,-107
1760,-1202,-1024,0,-1024,1821,-178
1761,-1202,-1152,0,-1152,1728,-50
1762,-1400,-1280,0,-1280,1634,-120
1763,-1400,-1408,0,-1408,1538,8
1764,-1598,-1280,1,-1536,1441,-318
1765,-1598,-1408,0,-1408,1351,-190
1766,-1795,-1536,0,-1536,1260,-259
1767,-1795,-1664,0,-1664,1168,-131
1768,-1990,-1792,0,-1792,1075,-198
1769,-1990,-1920,0,-1920,981,-70
1770,-2185,-2048,0,-2048,886,-137
1771,-2185,-2176,0,-2176,790,-9
1772,-2378,-2304,0,-2304,693,-74
1773,-2378,-2432,0,-2432,595,54
1774,-2569,-2304,1,-2560,496,-265
1775,-2569,-2432,0,-2432,404,-137
1776,-2759,-2560,0,-2560,311,-199
1777,-2759,-2688,0,-2688,217,-71
1778,-2948,-2816,0,-2816,122,-132
1779,-2948,-2944,0,-2944,26,-4
1780,-3135,-3072,0,-3072,-71,-63
1781,-3135,-3200,0,-3200,-169,65
1782,-3319,-3072,1,-3328,-268,-247
1783,-3319,-3200,0,-3200,-360,-119
1784,-3502,-3328,0,-3328,-453,-174
1785,-3502,-3456,0,-3456,-547,-46
1786,-3683,-3584,0,-3584,-642,-99
1787,-3683,-3712,0,-3712,-738,29
1788,-3861,-3584,1,-3840,-835,-277
1789,-3861,-3712,0,-3712,-925,-149
1790,-4037,-3840,0,-3840,-1017,-197
1791,-4211,-3968,0,-3968,-1110,-243
1792,-4211,-4096,0,-4096,-1204,-115
1793,-4382,-4224,0,-4224,-1299,-158
1794,-4382,-4352,0,-4352,-1395,-30
1795,-4551,-4480,0,-4480,-1492,-71
1796,-4551,-4608,0,-4608,-1590,57
1797,-4716,-4480,1,-4736,-1689,-236
1798,-4716,-4608,0,-4608,-1781,-108
1799,-4879,-4736,0,-4736,-1874,-143
1800,-4879,-4864,0,-4864,-1968,-15
1801,-5039,-4992,0,-4992,-2063,-47
1802,-5039,-5120,0,-5120,-2159,81
1803,-5196,-4992,1,-5248,-2256,-204
1804,-5196,-5120,0,-5120,-2346,-76
1805,-5350,-5248,0,-5248,-2437,-102
1806,-5350,-5376,0,-5376,-2529,26
1807,-5501,-5248,1,-5504,-2622,-253
1808,-5501,-5376,0,-5376,-2709,-125
1809,-5648,-5504,0,-5504,-2797,-144
1810,-5648,-5632,0,-5632,-2886,-16
1811,-5792,-5760,0,-5760,-2976,-32
1812,-5792,-5888,0,-5888,-3067,96
1813,-5932,-5760,1,-6016,-3160,-172
1814,-5932,-5888,0,-5888,-3246,-44
1815,-6069,-6016,0,-6016,-3333,-53
1816,-6069,-6144,0,-6144,-3421,75
1817,-6202,-6016,1,-6272,-3511,-186
1818,-6202,-6144,0,-6144,-3594,-58
1819,-6332,-6272,0,-6272,-3678,-60
1820,-6332,-6400,0,-6400,-3764,68
1821,-6457,-6272,1,-6528,-3851,-185
1822,-6457,-6400,0,-6400,-3931,-57
1823,-6579,-6528,0,-6528,-4013,-51
1824,-6579,-6656,0,-6656,-4096,77
1825,-6697,-6528,1,-6784,-4180,-169
1826,-6697,-6656,0,-6656,-4258,-41
1827,-6811,-6784,0,-6784,-4337,-27
1828,-6811,-6912,0,-6912,-4418,101
1829,-6920,-6784,1,-7040,-4500,-136
1830,-6920,-6912,0,-6912,-4576,-8
1831,-7026,-7040,0,-7040,-4653,14
1832,-7127,-6912,1,-7168,-4732,-215
1833,-7127,-7040,0,-7040,-4805,-87
1834,-7224,-7168,0,-7168,-4879,-56
1835,-7224,-7296,0,-7296,-4955,72
1836,-7316,-7168,1,-7424,-5033,-148
1837,-7316,-7296,0,-7296,-5104,-20
1838,-7405,-7424,0,-7424,-5177,19
1839,-7405,-7296,1,-7552,-5252,-109
1840,-7488,-7424,0,-7424,-5320,-64
1841,-7488,-7552,0,-7552,-5390,64
1842,-7567,-7424,1,-7680,-5462,-143
1843,-7567,-7552,0,-7552,-5528,-15
1844,-7642,-7680,0,-7680,-5596,38
1845,-7642,-7552,1,-7808,-5666,-90
1846,-7712,-7680,0,-7680,-5729,-32
1847,-7712,-7808,0,-7808,-5794,96
1848,-7778,-7680,1,-7936,-5861,-98
1849,-7778,-7808,0,-7808,-5922,30
1850,-7838,-7680,1,-7936,-5985,-158
1851,-7838,-7808,0,-7808,-6042,-30
1852,-7894,-7936,0,-7936,-6102,42
1853,-7894,-7808,1,-8064,-6164,-86
1854,-7946,-7936,0,-7936,-6220,-10
1855,-7946,-8064,0,-8064,-6278,118
1856,-7992,-7936,1,-8192,-6338,-56
1857,-7992,-8064,0,-8064,-6392,72
1858,-8034,-7936,1,-8192,-6449,-98
1859,-8034,-8064,0,-8064,-6500,30
1860,-8070,-7936,1,-8192,-6553,-134
1861,-8070,-8064,0,-8064,-6601,-6
1862,-8102,-8192,0,-8192,-6651,90
1863,-8102,-8064,1,-8320,-6704,-38
1864,-8129,-8192,0,-8192,-6751,63
1865,-8129,-8064,1,-8320,-6801,-65
1866,-8152,-8192,0,-8192,-6845,40
1867,-8152,-8064,1,-8320,-6892,-88
1868,-8169,-8192,0,-8192,-6933,23
1869,-8169,-8064,1,-8320,-6977,-105
1870,-8181,-8192,0,-8192,-7015,11
1871,-8181,-8064,1,-8320,-7056,-117
1872,-8189,-8192,0,-8192,-7092,3
1873,-8191,-8064,1,-8320,-7131,-127
1874,-8191,-8192,0,-8192,-7165,1
1875,-8189,-8064,1,-8320,-7202,-125
1876,-8189,-8192,0,-8192,-7233,3
1877,-8181,-8064,1,-8320,-7267,-117
1878,-8181,-8192,0,-8192,-7296,11
1879,-8169,-8064,1,-8320,-7328,-105
1880,-8169,-8192,0,-8192,-7355,23
1881,-8152,-8064,1,-8320,-7386,-88
1882,-8152,-8192,0,-8192,-7412,40
1883,-8129,-8064,1,-8320,-7441,-65
1884,-8129,-8192,0,-8192,-7465,63
1885,-8102,-8064,1,-8320,-7492,-38
1886,-8102,-8192,0,-8192,-7514,90
1887,-8070,-8064,1,-8320,-7540,-6
1888,-8070,-8192,0,-8192,-7561,122
1889,-8034,-8064,1,-8320,-7585,30
1890,-8034,-7936,1,-8192,-7604,-98
1891,-7992,-8064,0,-8064,-7619,72
1892,-7992,-7936,1,-8192,-7637,-56
1893,-7946,-8064,0,-8064,-7651,118
1894,-7946,-7936,1,-8192,-7668,-10
1895,-7894,-8064,0,-8064,-7681,170
1896,-7894,-7936,1,-8192,-7697,42
1897,-7838,-7808,1,-8064,-7709,-30
1898,-7838,-7936,0,-7936,-7717,98
1899,-7778,-7808,1,-8064,-7728,30
1900,-7778,-7680,1,-7936,-7735,-98
1901,-7712,-7808,0,-7808,-7738,96
1902,-7712,-7680,1,-7936,-7745,-32
1903,-7642,-7808,0,-7808,-7747,166
1904,-7642,-7680,1,-7936,-7753,38
1905,-7567,-7552,1,-7808,-7755,-15
1906,-7567,-7680,0,-7680,-7753,113
1907,-7488,-7552,1,-7808,-7755,64
1908,-7488,-7424,1,-7680,-7753,-64
1909,-7405,-7552,0,-7552,-7747,147
1910,-7405,-7424,1,-7680,-7745,19
1911,-7316,-7296,1,-7552,-7739,-20
1912,-7316,-7424,0,-7424,-7730,108
1913,-7224,-7296,1,-7552,-7725,72
1914,-7224,-7168,1,-7424,-7716,-56
1915,-7127,-7296,0,-7296,-7703,169
1916,-7026,-7168,1,-7424,-7695,142
1917,-7026,-7040,1,-7296,-7683,14
1918,-6920,-6912,1,-7168,-7667,-8
1919,-6920,-7040,0,-7040,-7648,120
1920,-6811,-6912,1,-7168,-7633,101
1921,-6811,-6784,1,-7040,-7615,-27
1922,-6697,-6912,0,-6912,-7594,215
1923,-6697,-6784,1,-7040,-7577,87
1924,-6579,-6656,1,-6912,-7557,77
1925,-6579,-6528,1,-6784,-7533,-51
1926,-6457,-6656,0,-6656,-7506,199
1927,-6457,-6528,1,-6784,-7484,71
1928,-6332,-6400,1,-6656,-7459,68
1929,-6332,-6272,1,-6528,-7430,-60
1930,-6202,-6400,0,-6400,-7398,198
1931,-6202,-6272,1,-6528,-7371,70
1932,-6069,-6144,1,-6400,-7341,75
1933,-6069,-6016,1,-6272,-7308,-53
1934,-5932,-6144,0,-6144,-7272,212
1935,-5932,-6016,1,-6272,-7241,84
1936,-5792,-5888,1,-6144,-7207,96
1937,-5792,-5760,1,-6016,-7170,-32
1938,-5648,-5888,0,-5888,-7130,240
1939,-5648,-5760,1,-6016,-7096,112
1940,-5501,-5632,1,-5888,-7059,131
1941,-5501,-5504,1,-5760,-7019,3
1942,-5350,-5376,1,-5632,-6976,26
1943,-5350,-5248,1,-5504,-6930,-102
1944,-5196,-5376,0,-5376,-6882,180
1945,-5196,-5248,1,-5504,-6839,52
1946,-5039,-5120,1,-5376,-6794,81
1947,-5039,-4992,1,-5248,-6746,-47
1948,-4879,-5120,0,-5120,-6696,241
1949,-4879,-4992,1,-5248,-6651,113
1950,-4716,-4864,1,-5120,-6604,148
1951,-4716,-4736,1,-4992,-6554,20
1952,-4551,-4608,1,-4864,-6502,57
1953,-4551,-4480,1,-4736,-6447,-71
1954,-4382,-4608,0,-4608,-6390,226
1955,-4382,-4480,1,-4736,-6339,98
1956,-4211,-4352,1,-4608,-6285,141
1957,-4037,-4224,1,-4480,-6229,187
1958,-4037,-4096,1,-4352,-6171,59
1959,-3861,-3968,1,-4224,-6111,107
1960,-3861,-3840,1,-4096,-6049,-21
1961,-3683,-3968,0,-3968,-5984,285
1962,-3683,-3840,1,-4096,-5925,157
1963,-3502,-3712,1,-3968,-5864,210
1964,-3502,-3584,1,-3840,-5801,82
1965,-3319,-3456,1,-3712,-5736,137
1966,-3319,-3328,1,-3584,-5669,9
1967,-3135,-3200,1,-3456,-5600,65
1968,-3135,-3072,1,-3328,-5529,-63
1969,-2948,-3200,0,-3200,-5457,252
1970,-2948,-3072,1,-3328,-5391,124
1971,-2759,-2944,1,-3200,-5323,185
1972,-2759,-2816,1,-3072,-5253,57
1973,-2569,-2688,1,-2944,-5181,119
1974,-2569,-2560,1,-2816,-5108,-9
1975,-2378,-2688,0,-2688,-5033,310
1976,-2378,-2560,1,-2816,-4964,182
1977,-2185,-2432,1,-2688,-4893,247
1978,-2185,-2304,1,-2560,-4821,119
1979,-1990,-2176,1,-2432,-4747,186
1980,-1990,-2048,1,-2304,-4671,58
1981,-1795,-1920,1,-2176,-4594,125
1982,-1795,-1792,1,-2048,-4515,-3
1983,-1598,-1920,0,-1920,-4434,322
1984,-1598,-1792,1,-2048,-4360,194
1985,-1400,-1664,1,-1920,-4284,264
1986,-1400,-1536,1,-1792,-4207,136
1987,-1202,-1408,1,-1664,-4128,206
1988,-1202,-1280,1,-1536,-4047,78
1989,-1003,-1152,1,-1408,-3965,149
1990,-1003,-1024,1,-1280,-3882,21
1991,-803,-896,1,-1152,-3797,93
1992,-803,-768,1,-1024,-3711,-35
1993,-603,-896,0,-896,-3624,293
1994,-603,-768,1,-1024,-3543,165
1995,-402,-640,1,-896,-3461,238
1996,-402,-512,1,-768,-3377,110
1997,-201,-384,1,-640,-3292,183
1998,0,-256,1,-512,-3206,256
1999,0,-128,1,-384,-3118,128
2000,201,0,1,-256,-3029,201
2001,201,128,1,-128,-2939,73
2002,402,256,1,0,-2848,146
2003,402,384,1,128,-2755,18
2004,603,512,1,256,-2661,91
2005,603,640,1,384,-2566,-37
2006,803,512,0,512,-2470,291
2007,803,640,1,384,-2381,163
2008,1003,768,1,512,-2291,235
2009,1003,896,1,640,-2200,107
2010,1202,1024,1,768,-2108,178
2011,1202,1152,1,896,-2015,50
2012,1400,1280,1,1024,-1921,120
2013,1400,1408,1,1152,-1825,-8
2014,1598,1280,0,1280,-1728,318
2015,1598,1408,1,1152,-1638,190
2016,1795,1536,1,1280,-1547,259
2017,1795,1664,1,1408,-1455,131
2018,1990,1792,1,1536,-1362,198
2019,1990,1920,1,1664,-1268,70
2020,2185,2048,1,1792,-1173,137
2021,2185,2176,1,1920,-1077,9
2022,2378,2304,1,2048,-980,74
2023,2378,2432,1,2176,-882,-54
2024,2569,2304,0,2304,-783,265
2025,2569,2432,1,2176,-691,137
2026,2759,2560,1,2304,-598,199
2027,2759,2688,1,2432,-504,71
2028,2948,2816,1,2560,-409,132
2029,2948,2944,1,2688,-313,4
2030,3135,3072,1,2816,-216,63
2031,3135,3200,1,2944,-118,-65
2032,3319,3072,0,3072,-19,247
2033,3319,3200,1,2944,73,119
2034,3502,3328,1,3072,166,174
2035,3502,3456,1,3200,260,46
2036,3683,3584,1,3328,355,99
2037,3683,3712,1,3456,451,-29
2038,3861,3584,0,3584,548,277
2039,3861,3712,1,3456,638,149
2040,4037,3840,1,3584,730,197
2041,4211,3968,1,3712,823,243
2042,4211,4096,1,3840,917,115
2043,4382,4224,1,3968,1012,158
2044,4382,4352,1,4096,1108,30
2045,4551,4480,1,4224,1205,71
2046,4551,4608,1,4352,1303,-57
2047,4716,4480,0,4480,1402,236
2048,4716,4608,1,4352,1494,108
2049,4879,4736,1,4480,1587,143
2050,4879,4864,1,4608,1681,15
2051,5039,4992,1,4736,1776,47
2052,5039,5120,1,4864,1872,-81
2053,5196,4992,0,4992,1969,204
2054,5196,5120,1,4864,2059,76
2055,5350,5248,1,4992,2150,102
2056,5350,5376,1,5120,2242,-26
2057,5501,5248,0,5248,2335,253
2058,5501,5376,1,5120,2422,125
2059,5648,5504,1,5248,2510,144
2060,5648,5632,1,5376,2599,16
2061,5792,5760,1,5504,2689,32
2062,5792,5888,1,5632,2780,-96
2063,5932,5760,0,5760,2873,172
2064,5932,5888,1,5632,2959,44
2065,6069,6016,1,5760,3046,53
2066,6069,6144,1,5888,3134,-75
2067,6202,6016,0,6016,3224,186
2068,6202,6144,1,5888,3307,58
2069,6332,6272,1,6016,3391,60
2070,6332,6400,1,6144,3477,-68
2071,6457,6272,0,6272,3564,185
2072,6457,6400,1,6144,3644,57
2073,6579,6528,1,6272,3726,51
2074,6579,6656,1,6400,3809,-77
2075,6697,6528,0,6528,3893,169
2076,6697,6656,1,6400,3971,41
2077,6811,6784,1,6528,4050,27
2078,6811,6912,1,6656,4131,-101
2079,6920,6784,0,6784,4213,136
2080,6920,6912,1,6656,4289,8
2081,7026,7040,1,6784,4366,-14
2082,7127,6912,0,6912,4445,215
2083,7127,7040,1,6784,4518,87
2084,7224,7168,1,6912,4592,56
2085,7224,7296,1,7040,4668,-72
2086,7316,7168,0,7168,4746,148
2087,7316,7296,1,7040,4817,20
2088,7405,7424,1,7168,4890,-19
2089,7405,7296,0,7296,4965,109
2090,7488,7424,1,7168,5033,64
2091,7488,7552,1,7296,5103,-64
2092,7567,7424,0,7424,5175,143
2093,7567,7552,1,7296,5241,15
2094,7642,7680,1,7424,5309,-38
2095,7642,7552,0,7552,5379,90
2096,7712,7680,1,7424,5442,32
2097,7712,7808,1,7552,5507,-96
2098,7778,7680,0,7680,5574,98
2099,7778,7808,1,7552,5635,-30
2100,7838,7680,0,7680,5698,158
2101,7838,7808,1,7552,5755,30
2102,7894,7936,1,7680,5815,-42
2103,7894,7808,0,7808,5877,86
2104,7946,7936,1,7680,5933,10
2105,7946,8064,1,7808,5991,-118
2106,7992,7936,0,7936,6051,56
2107,7992,8064,1,7808,6105,-72
2108,8034,7936,0,7936,6162,98
2109,8034,8064,1,7808,6213,-30
2110,8070,7936,0,7936,6266,134
2111,8070,8064,1,7808,6314,6
2112,8102,8192,1,7936,6364,-90
2113,8102,8064,0,8064,6417,38
2114,8129,8192,1,7936,6464,-63
2115,8129,8064,0,8064,6514,65
2116,8152,8192,1,7936,6558,-40
2117,8152,8064,0,8064,6605,88
2118,8169,8192,1,7936,6646,-23
2119,8169,8064,0,8064,6690,105
2120,8181,8192,1,7936,6728,-11
2121,8181,8064,0,8064,6769,117
2122,8189,8192,1,7936,6805,-3
2123,8191,8064,0,8064,6844,127
2124,8191,8192,1,7936,6878,-1
2125,8189,8064,0,8064,6915,125
2126,8189,8192,1,7936,6946,-3
2127,8181,8064,0,8064,6980,117
2128,8181,8192,1,7936,7009,-11
2129,8169,8064,0,8064,7041,105
2130,8169,8192,1,7936,7068,-23
2131,8152,8064,0,8064,7099,88
2132,8152,8192,1,7936,7125,-40
2133,8129,8064,0,8064,7154,65
2134,8129,8192,1,7936,7178,-63
2135,8102,8064,0,8064,7205,38
2136,8102,8192,1,7936,7227,-90
2137,8070,8064,0,8064,7253,6
2138,8070,8192,1,7936,7274,-122
2139,8034,8064,0,8064,7298,-30
2140,8034,7936,0,7936,7317,98
2141,7992,8064,1,7808,7332,-72
2142,7992,7936,0,7936,7350,56
2143,7946,8064,1,7808,7364,-118
2144,7946,7936,0,7936,7381,10
2145,7894,8064,1,7808,7394,-170
2146,7894,7936,0,7936,7410,-42
2147,7838,7808,0,7808,7422,30
2148,7838,7936,1,7680,7430,-98
2149,7778,7808,0,7808,7441,-30
2150,7778,7680,0,7680,7448,98
2151,7712,7808,1,7552,7451,-96
2152,7712,7680,0,7680,7458,32
2153,7642,7808,1,7552,7460,-166
2154,7642,7680,0,7680,7466,-38
2155,7567,7552,0,7552,7468,15
2156,7567,7680,1,7424,7466,-113
2157,7488,7552,0,7552,7468,-64
2158,7488,7424,0,7424,7466,64
2159,7405,7552,1,7296,7460,-147
2160,7405,7424,0,7424,7458,-19
2161,7316,7296,0,7296,7452,20
2162,7316,7424,1,7168,7443,-108
2163,7224,7296,0,7296,7438,-72
2164,7224,7168,0,7168,7429,56
2165,7127,7296,1,7040,7416,-169
2166,7026,7168,0,7168,7408,-142
2167,7026,7040,0,7040,7396,-14
2168,6920,6912,0,6912,7380,8
2169,6920,7040,1,6784,7361,-120
2170,6811,6912,0,6912,7346,-101
2171,6811,6784,0,6784,7328,27
2172,6697,6912,1,6656,7307,-215
2173,6697,6784,0,6784,7290,-87
2174,6579,6656,0,6656,7270,-77
2175,6579,6528,0,6528,7246,51
2176,6457,6656,1,6400,7219,-199
2177,6457,6528,0,6528,7197,-71
2178,6332,6400,0,6400,7172,-68
2179,6332,6272,0,6272,7143,60
2180,6202,6400,1,6144,7111,-198
2181,6202,6272,0,6272,7084,-70
2182,6069,6144,0,6144,7054,-75
2183,6069,6016,0,6016,7021,53
2184,5932,6144,1,5888,6985,-212
2185,5932,6016,0,6016,6954,-84
2186,5792,5888,0,5888,6920,-96
2187,5792,5760,0,5760,6883,32
2188,5648,5888,1,5632,6843,-240
2189,5648,5760,0,5760,6809,-112
2190,5501,5632,0,5632,6772,-131
2191,5501,5504,0,5504,6732,-3
2192,5350,5376,0,5376,6689,-26
2193,5350,5248,0,5248,6643,102
2194,5196,5376,1,5120,6595,-180
2195,5196,5248,0,5248,6552,-52
2196,5039,5120,0,5120,6507,-81
2197,5039,4992,0,4992,6459,47
2198,4879,5120,1,4864,6409,-241
2199,4879,4992,0,4992,6364,-113
2200,4716,4864,0,4864,6317,-148
2201,4716,4736,0,4736,6267,-20
2202,4551,4608,0,4608,6215,-57
2203,4551,4480,0,4480,6160,71
2204,4382,4608,1,4352,6103,-226
2205,4382,4480,0,4480,6052,-98
2206,4211,4352,0,4352,5998,-141
2207,4037,4224,0,4224,5942,-187
2208,4037,4096,0,4096,5884,-59
2209,3861,3968,0,3968,5824,-107
2210,3861,3840,0,3840,5762,21
2211,3683,3968,1,3712,5697,-285
2212,3683,3840,0,3840,5638,-157
2213,3502,3712,0,3712,5577,-210
2214,3502,3584,0,3584,5514,-82
2215,3319,3456,0,3456,5449,-137
2216,3319,3328,0,3328,5382,-9
2217,3135,3200,0,3200,5313,-65
2218,3135,3072,0,3072,5242,63
2219,2948,3200,1,2944,5170,-252
2220,2948,3072,0,3072,5104,-124
2221,2759,2944,0,2944,5036,-185
2222,2759,2816,0,2816,4966,-57
2223,2569,2688,0,2688,4894,-119
2224,2569,2560,0,2560,4821,9
2225,2378,2688,1,2432,4746,-310
2226,2378,2560,0,2560,4677,-182
2227,2185,2432,0,2432,4606,-247
2228,2185,2304,0,2304,4534,-119
2229,1990,2176,0,2176,4460,-186
2230,1990,2048,0,2048,4384,-58
2231,1795,1920,0,1920,4307,-125
2232,1795,1792,0,1792,4228,3
2233,1598,1920,1,1664,4147,-322
2234,1598,1792,0,1792,4073,-194
2235,1400,1664,0,1664,3997,-264
2236,1400,1536,0,1536,3920,-136
2237,1202,1408,0,1408,3841,-206
2238,1202,1280,0,1280,3760,-78
2239,1003,1152,0,1152,3678,-149
2240,1003,1024,0,1024,3595,-21
2241,803,896,0,896,3510,-93
2242,803,768,0,768,3424,35
2243,603,896,1,640,3337,-293
2244,603,768,0,768,3256,-165
2245,402,640,0,640,3174,-238
2246,402,512,0,512,3090,-110
2247,201,384,0,384,3005,-183
2248,0,256,0,256,2919,-256
2249,0,128,0,128,2831,-128
2250,-201,0,0,0,2742,-201
2251,-201,-128,0,-128,2652,-73
2252,-402,-256,0,-256,2561,-146
2253,-402,-384,0,-384,2468,-18
2254,-603,-512,0,-512,2374,-91
2255,-603,-640,0,-640,2279,37
2256,-803,-512,1,-768,2183,-291
2257,-803,-640,0,-640,2094,-163
2258,-1003,-768,0,-768,2004,-235
2259,-1003,-896,0,-896,1913,-107
2260,-1202,-1024,0,-1024,1821,-178
2261,-1202,-1152,0,-1152,1728,-50
2262,-1400,-1280,0,-1280,1634,-120
2263,-1400,-1408,0,-1408,1538,8
2264,-1598,-1280,1,-1536,1441,-318
2265,-1598,-1408,0,-1408,1351,-190
2266,-1795,-1536,0,-1536,1260,-259
2267,-1795,-1664,0,-1664,1168,-131
2268,-1990,-1792,0,-1792,1075,-198
2269,-1990,-1920,0,-1920,981,-70
2270,-2185,-2048,0,-2048,886,-137
2271,-2185,-2176,0,-2176,790,-9
2272,-2378,-2304,0,-2304,693,-74
2273,-2378,-2432,0,-2432,595,54
2274,-2569,-2304,1,-2560,496,-265
2275,-2569,-2432,0,-2432,404,-137
2276,-2759,-2560,0,-2560,311,-199
2277,-2759,-2688,0,-2688,217,-71
2278,-2948,-2816,0,-2816,122,-132
2279,-2948,-2944,0,-2944,26,-4
2280,-3135,-3072,0,-3072,-71,-63
2281,-3135,-3200,0,-3200,-169,65
2282,-3319,-3072,1,-3328,-268,-247
2283,-3319,-3200,0,-3200,-360,-119
2284,-3502,-3328,0,-3328,-453,-174
2285,-3502,-3456,0,-3456,-547,-46
2286,-3683,-3584,0,-3584,-642,-99
2287,-3683,-3712,0,-3712,-738,29
2288,-3861,-3584,1,-3840,-835,-277
2289,-3861,-3712,0,-3712,-925,-149
2290,-4037,-3840,0,-3840,-1017,-197
2291,-4211,-3968,0,-3968,-1110,-243
2292,-4211,-4096,0,-4096,-1204,-115
2293,-4382,-4224,0,-4224,-1299,-158
2294,-4382,-4352,0,-4352,-1395,-30
2295,-4551,-4480,0,-4480,-1492,-71
2296,-4551,-4608,0,-4608,-1590,57
2297,-4716,-4480,1,-4736,-1689,-236
2298,-4716,-4608,0,-4608,-1781,-108
2299,-4879,-4736,0,-4736,-1874,-143
2300,-4879,-4864,0,-4864,-1968,-15
2301,-5039,-4992,0,-4992,-2063,-47
2302,-5039,-5120,0,-5120,-2159,81
2303,-5196,-4992,1,-5248,-2256,-204
2304,-5196,-5120,0,-5120,-2346,-76
2305,-5350,-5248,0,-5248,-2437,-102
2306,-5350,-5376,0,-5376,-2529,26
2307,-5501,-5248,1,-5504,-2622,-253
2308,-5501,-5376,0,-5376,-2709,-125
2309,-5648,-5504,0,-5504,-2797,-144
2310,-5648,-5632,0,-5632,-2886,-16
2311,-5792,-5760,0,-5760,-2976,-32
2312,-5792,-5888,0,-5888,-3067,96
2313,-5932,-5760,1,-6016,-3160,-172
2314,-5932,-5888,0,-5888,-3246,-44
2315,-6069,-6016,0,-6016,-3333,-53
2316,-6069,-6144,0,-6144,-3421,75
2317,-6202,-6016,1,-6272,-3511,-186
2318,-6202,-6144,0,-6144,-3594,-58
2319,-6332,-6272,0,-6272,-3678,-60
2320,-6332,-6400,0,-6400,-3764,68
2321,-6457,-6272,1,-6528,-3851,-185
2322,-6457,-6400,0,-6400,-3931,-57
2323,-6579,-6528,0,-6528,-4013,-51
2324,-6579,-6656,0,-6656,-4096,77
2325,-6697,-6528,1,-6784,-4180,-169
2326,-6697,-6656,0,-6656,-4258,-41
2327,-6811,-6784,0,-6784,-4337,-27
2328,-6811,-6912,0,-6912,-4418,101
2329,-6920,-6784,1,-7040,-4500,-136
2330,-6920,-6912,0,-6912,-4576,-8
2331,-7026,-7040,0,-7040,-4653,14
2332,-7127,-6912,1,-7168,-4732,-215
2333,-7127,-7040,0,-7040,-4805,-87
2334,-7224,-7168,0,-7168,-4879,-56
2335,-7224,-7296,0,-7296,-4955,72
2336,-7316,-7168,1,-7424,-5033,-148
2337,-7316,-7296,0,-7296,-5104,-20
2338,-7405,-7424,0,-7424,-5177,19
2339,-7405,-7296,1,-7552,-5252,-109
2340,-7488,-7424,0,-7424,-5320,-64
2341,-7488,-7552,0,-7552,-5390,64
2342,-7567,-7424,1,-7680,-5462,-143
2343,-7567,-7552,0,-7552,-5528,-15
2344,-7642,-7680,0,-7680,-5596,38
2345,-7642,-7552,1,-7808,-5666,-90
2346,-7712,-7680,0,-7680,-5729,-32
2347,-7712,-7808,0,-7808,-5794,96
2348,-7778,-7680,1,-7936,-5861,-98
2349,-7778,-7808,0,-7808,-5922,30
2350,-7838,-7680,1,-7936,-5985,-158
2351,-7838,-7808,0,-7808,-6042,-30
2352,-7894,-7936,0,-7936,-6102,42
2353,-7894,-7808,1,-8064,-6164,-86
2354,-7946,-7936,0,-7936,-6220,-10
2355,-7946,-8064,0,-8064,-6278,118
2356,-7992,-7936,1,-8192,-6338,-56
2357,-7992,-8064,0,-8064,-6392,72
2358,-8034,-7936,1,-8192,-6449,-98
2359,-8034,-8064,0,-8064,-6500,30
2360,-8070,-7936,1,-8192,-6553,-134
2361,-8070,-8064,0,-8064,-6601,-6
2362,-8102,-8192,0,-8192,-6651,90
2363,-8102,-8064,1,-8320,-6704,-38
2364,-8129,-8192,0,-8192,-6751,63
2365,-8129,-8064,1,-8320,-6801,-65
2366,-8152,-8192,0,-8192,-6845,40
2367,-8152,-8064,1,-8320,-6892,-88
2368,-8169,-8192,0,-8192,-6933,23
2369,-8169,-8064,1,-8320,-6977,-105
2370,-8181,-8192,0,-8192,-7015,11
2371,-8181,-8064,1,-8320,-7056,-117
2372,-8189,-8192,0,-8192,-7092,3
2373,-8191,-8064,1,-8320,-7131,-127
2374,-8191,-8192,0,-8192,-7165,1
2375,-8189,-8064,1,-8320,-7202,-125
2376,-8189,-8192,0,-8192,-7233,3
2377,-8181,-8064,1,-8320,-7267,-117
2378,-8181,-8192,0,-8192,-7296,11
2379,-8169,-8064,1,-8320,-7328,-105
2380,-8169,-8192,0,-8192,-7355,23
2381,-8152,-8064,1,-8320,-7386,-88
2382,-8152,-8192,0,-8192,-7412,40
2383,-8129,-8064,1,-8320,-7441,-65
2384,-8129,-8192,0,-8192,-7465,63
2385,-8102,-8064,1,-8320,-7492,-38
2386,-8102,-8192,0,-8192,-7514,90
2387,-8070,-8064,1,-8320,-7540,-6
2388,-8070,-8192,0,-8192,-7561,122
2389,-8034,-8064,1,-8320,-7585,30
2390,-8034,-7936,1,-8192,-7604,-98
2391,-7992,-8064,0,-8064,-7619,72
2392,-7992,-7936,1,-8192,-7637,-56
2393,-7946,-8064,0,-8064,-7651,118
2394,-7946,-7936,1,-8192,-7668,-10
2395,-7894,-8064,0,-8064,-7681,170
2396,-7894,-7936,1,-8192,-7697,42
2397,-7838,-7808,1,-8064,-7709,-30
2398,-7838,-7936,0,-7936,-7717,98
2399,-7778,-7808,1,-8064,-7728,30
2400,-7778,-7680,1,-7936,-7735,-98
2401,-7712,-7808,0,-7808,-7738,96
2402,-7712,-7680,1,-7936,-7745,-32
2403,-7642,-7808,0,-7808,-7747,166
2404,-7642,-7680,1,-7936,-7753,38
2405,-7567,-7552,1,-7808,-7755,-15
2406,-7567,-7680,0,-7680,-7753,113
2407,-7488,-7552,1,-7808,-7755,64
2408,-7488,-7424,1,-7680,-7753,-64
2409,-7405,-7552,0,-7552,-7747,147
2410,-7405,-7424,1,-7680,-7745,19
2411,-7316,-7296,1,-7552,-7739,-20
2412,-7316,-7424,0,-7424,-7730,108
2413,-7224,-7296,1,-7552,-7725,72
2414,-7224,-7168,1,-7424,-7716,-56
2415,-7127,-7296,0,-7296,-7703,169
2416,-7026,-7168,1,-7424,-7695,142
2417,-7026,-7040,1,-7296,-7683,14
2418,-6920,-6912,1,-7168,-7667,-8
2419,-6920,-7040,0,-7040,-7648,120
2420,-6811,-6912,1,-7168,-7633,101
2421,-6811,-6784,1,-7040,-7615,-27
2422,-6697,-6912,0,-6912,-7594,215
2423,-6697,-6784,1,-7040,-7577,87
2424,-6579,-6656,1,-6912,-7557,77
2425,-6579,-6528,1,-6784,-7533,-51
2426,-6457,-6656,0,-6656,-7506,199
2427,-6457,-6528,1,-6784,-7484,71
2428,-6332,-6400,1,-6656,-7459,68
2429,-6332,-6272,1,-6528,-7430,-60
2430,-6202,-6400,0,-6400,-7398,198
2431,-6202,-6272,1,-6528,-7371,70
2432,-6069,-6144,1,-6400,-7341,75
2433,-6069,-6016,1,-6272,-7308,-53
2434,-5932,-6144,0,-6144,-7272,212
2435,-5932,-6016,1,-6272,-7241,84
2436,-5792,-5888,1,-6144,-7207,96
2437,-5792,-5760,1,-6016,-7170,-32
2438,-5648,-5888,0,-5888,-7130,240
2439,-5648,-5760,1,-6016,-7096,112
2440,-5501,-5632,1,-5888,-7059,131
2441,-5501,-5504,1,-5760,-7019,3
2442,-5350,-5376,1,-5632,-6976,26
2443,-5350,-5248,1,-5504,-6930,-102
2444,-5196,-5376,0,-5376,-6882,180
2445,-5196,-5248,1,-5504,-6839,52
2446,-5039,-5120,1,-5376,-6794,81
2447,-5039,-4992,1,-5248,-6746,-47
2448,-4879,-5120,0,-5120,-6696,241
2449,-4879,-4992,1,-5248,-6651,113
2450,-4716,-4864,1,-5120,-6604,148
2451,-4716,-4736,1,-4992,-6554,20
2452,-4551,-4608,1,-4864,-6502,57
2453,-4551,-4480,1,-4736,-6447,-71
2454,-4382,-4608,0,-4608,-6390,226
2455,-4382,-4480,1,-4736,-6339,98
2456,-4211,-4352,1,-4608,-6285,141
2457,-4037,-4224,1,-4480,-6229,187
2458,-4037,-4096,1,-4352,-6171,59
2459,-3861,-3968,1,-4224,-6111,107
2460,-3861,-3840,1,-4096,-6049,-21
2461,-3683,-3968,0,-3968,-5984,285
2462,-3683,-3840,1,-4096,-5925,157
2463,-3502,-3712,1,-3968,-5864,210
2464,-3502,-3584,1,-3840,-5801,82
2465,-3319,-3456,1,-3712,-5736,137
2466,-3319,-3328,1,-3584,-5669,9
2467,-3135,-3200,1,-3456,-5600,65
2468,-3135,-3072,1,-3328,-5529,-63
2469,-2948,-3200,0,-3200,-5457,252
2470,-2948,-3072,1,-3328,-5391,124
2471,-2759,-2944,1,-3200,-5323,185
2472,-2759,-2816,1,-3072,-5253,57
2473,-2569,-2688,1,-2944,-5181,119
2474,-2569,-2560,1,-2816,-5108,-9
2475,-2378,-2688,0,-2688,-5033,310
2476,-2378,-2560,1,-2816,-4964,182
2477,-2185,-2432,1,-2688,-4893,247
2478,-2185,-2304,1,-2560,-4821,119
2479,-1990,-2176,1,-2432,-4747,186
2480,-1990,-2048,1,-2304,-4671,58
2481,-1795,-1920,1,-2176,-4594,125
2482,-1795,-1792,1,-2048,-4515,-3
2483,-1598,-1920,0,-1920,-4434,322
2484,-1598,-1792,1,-2048,-4360,194
2485,-1400,-1664,1,-1920,-4284,264
2486,-1400,-1536,1,-1792,-4207,136
2487,-1202,-1408,1,-1664,-4128,206
2488,-1202,-1280,1,-1536,-4047,78
2489,-1003,-1152,1,-1408,-3965,149
2490,-1003,-1024,1,-1280,-3882,21
2491,-803,-896,1,-1152,-3797,93
2492,-803,-768,1,-1024,-3711,-35
2493,-603,-896,0,-896,-3624,293
2494,-603,-768,1,-1024,-3543,165
2495,-402,-640,1,-896,-3461,238
2496,-402,-512,1,-768,-3377,110
2497,-201,-384,1,-640,-3292,183
2498,0,-256,1,-512,-3206,256
2499,0,-128,1,-384,-3118,128
2500,201,0,1,-256,-3029,201
2501,201,128,1,-128,-2939,73
2502,402,256,1,0,-2848,146
2503,402,384,1,128,-2755,18
2504,603,512,1,256,-2661,91
2505,603,640,1,384,-2566,-37
2506,803,512,0,512,-2470,291
2507,803,640,1,384,-2381,163
2508,1003,768,1,512,-2291,235
2509,1003,896,1,640,-2200,107
2510,1202,1024,1,768,-2108,178
2511,1202,1152,1,896,-2015,50
2512,1400,1280,1,1024,-1921,120
2513,1400,1408,1,1152,-1825,-8
2514,1598,1280,0,1280,-1728,318
2515,1598,1408,1,1152,-1638,190
2516,1795,1536,1,1280,-1547,259
2517,1795,1664,1,1408,-1455,131
2518,1990,1792,1,1536,-1362,198
2519,1990,1920,1,1664,-1268,70
2520,2185,2048,1,1792,-1173,137
2521,2185,2176,1,1920,-1077,9
2522,2378,2304,1,2048,-980,74
2523,2378,2432,1,2176,-882,-54
2524,2569,2304,0,2304,-783,265
2525,2569,2432,1,2176,-691,137
2526,2759,2560,1,2304,-598,199
2527,2759,2688,1,2432,-504,71
2528,2948,2816,1,2560,-409,132
2529,2948,2944,1,2688,-313,4
2530,3135,3072,1,2816,-216,63
2531,3135,3200,1,2944,-118,-65
2532,3319,3072,0,3072,-19,247
2533,3319,3200,1,2944,73,119
2534,3502,3328,1,3072,166,174
2535,3502,3456,1,3200,260,46
2536,3683,3584,1,3328,355,99
2537,3683,3712,1,3456,451,-29
2538,3861,3584,0,3584,548,277
2539,3861,3712,1,3456,638,149
2540,4037,3840,1,3584,730,197
2541,4211,3968,1,3712,823,243
2542,4211,4096,1,3840,917,115
2543,4382,4224,1,3968,1012,158
2544,4382,4352,1,4096,1108,30
2545,4551,4480,1,4224,1205,71
2546,4551,4608,1,4352,1303,-57
2547,4716,4480,0,4480,1402,236
2548,4716,4608,1,4352,1494,108
2549,4879,4736,1,4480,1587,143
2550,4879,4864,1,4608,1681,15
2551,5039,4992,1,4736,1776,47
2552,5039,5120,1,4864,1872,-81
2553,5196,4992,0,4992,1969,204
2554,5196,5120,1,4864,2059,76
2555,5350,5248,1,4992,2150,102
2556,5350,5376,1,5120,2242,-26
2557,5501,5248,0,5248,2335,253
2558,5501,5376,1,5120,2422,125
2559,5648,5504,1,5248,2510,144
2560,5648,5632,1,5376,2599,16
2561,5792,5760,1,5504,2689,32
2562,5792,5888,1,5632,2780,-96
2563,5932,5760,0,5760,2873,172
2564,5932,5888,1,5632,2959,44
2565,6069,6016,1,5760,3046,53
2566,6069,6144,1,5888,3134,-75
2567,6202,6016,0,6016,3224,186
2568,6202,6144,1,5888,3307,58
2569,6332,6272,1,6016,3391,60
2570,6332,6400,1,6144,3477,-68
2571,6457,6272,0,6272,3564,185
2572,6457,6400,1,6144,3644,57
2573,6579,6528,1,6272,3726,51
2574,6579,6656,1,6400,3809,-77
2575,6697,6528,0,6528,3893,169
2576,6697,6656,1,6400,3971,41
2577,6811,6784,1,6528,4050,27
2578,6811,6912,1,6656,4131,-101
2579,6920,6784,0,6784,4213,136
2580,6920,6912,1,6656,4289,8
2581,7026,7040,1,6784,4366,-14
2582,7127,6912,0,6912,4445,215
2583,7127,7040,1,6784,4518,87
2584,7224,7168,1,6912,4592,56
2585,7224,7296,1,7040,4668,-72
2586,7316,7168,0,7168,4746,148
2587,7316,7296,1,7040,4817,20
2588,7405,7424,1,7168,4890,-19
2589,7405,7296,0,7296,4965,109
2590,7488,7424,1,7168,5033,64
2591,7488,7552,1,7296,5103,-64
2592,7567,7424,0,7424,5175,143
2593,7567,7552,1,7296,5241,15
2594,7642,7680,1,7424,5309,-38
2595,7642,7552,0,7552,5379,90
2596,7712,7680,1,7424,5442,32
2597,7712,7808,1,7552,5507,-96
2598,7778,7680,0,7680,5574,98
2599,7778,7808,1,7552,5635,-30
2600,7838,7680,0,7680,5698,158
2601,7838,7808,1,7552,5755,30
2602,7894,7936,1,7680,5815,-42
2603,7894,7808,0,7808,5877,86
2604,7946,7936,1,7680,5933,10
2605,7946,8064,1,7808,5991,-118
2606,7992,7936,0,7936,6051,56
2607,7992,8064,1,7808,6105,-72
2608,8034,7936,0,7936,6162,98
2609,8034,8064,1,7808,6213,-30
2610,8070,7936,0,7936,6266,134
2611,8070,8064,1,7808,6314,6
2612,8102,8192,1,7936,6364,-90
2613,8102,8064,0,8064,6417,38
2614,8129,8192,1,7936,6464,-63
2615,8129,8064,0,8064,6514,65
2616,8152,8192,1,7936,6558,-40
2617,8152,8064,0,8064,6605,88
2618,8169,8192,1,7936,6646,-23
2619,8169,8064,0,8064,6690,105
2620,8181,8192,1,7936,6728,-11
2621,8181,8064,0,8064,6769,117
2622,8189,8192,1,7936,6805,-3
2623,8191,8064,0,8064,6844,127
2624,8191,8192,1,7936,6878,-1
2625,8189,8064,0,8064,6915,125
2626,8189,8192,1,7936,6946,-3
2627,8181,8064,0,8064,6980,117
2628,8181,8192,1,7936,7009,-11
2629,8169,8064,0,8064,7041,105
2630,8169,8192,1,7936,7068,-23
2631,8152,8064,0,8064,7099,88
2632,8152,8192,1,7936,7125,-40
2633,8129,8064,0,8064,7154,65
2634,8129,8192,1,7936,7178,-63
2635,8102,8064,0,8064,7205,38
2636,8102,8192,1,7936,7227,-90
2637,8070,8064,0,8064,7253,6
2638,8070,8192,1,7936,7274,-122
2639,8034,8064,0,8064,7298,-30
2640,8034,7936,0,7936,7317,98
2641,7992,8064,1,7808,7332,-72
2642,7992,7936,0,7936,7350,56
2643,7946,8064,1,7808,7364,-118
2644,7946,7936,0,7936,7381,10
2645,7894,8064,1,7808,7394,-170
2646,7894,7936,0,7936,7410,-42
2647,7838,7808,0,7808,7422,30
2648,7838,7936,1,7680,7430,-98
2649,7778,7808,0,7808,7441,-30
2650,7778,7680,0,7680,7448,98
2651,7712,7808,1,7552,7451,-96
2652,7712,7680,0,7680,7458,32
2653,7642,7808,1,7552,7460,-166
2654,7642,7680,0,7680,7466,-38
2655,7567,7552,0,7552,7468,15
2656,7567,7680,1,7424,7466,-113
2657,7488,7552,0,7552,7468,-64
2658,7488,7424,0,7424,7466,64
2659,7405,7552,1,7296,7460,-147
2660,7405,7424,0,7424,7458,-19
2661,7316,7296,0,7296,7452,20
2662,7316,7424,1,7168,7443,-108
2663,7224,7296,0,7296,7438,-72
2664,7224,7168,0,7168,7429,56
2665,7127,7296,1,7040,7416,-169
2666,7026,7168,0,7168,7408,-142
2667,7026,7040,0,7040,7396,-14
2668,6920,6912,0,6912,7380,8
2669,6920,7040,1,6784,7361,-120
2670,6811,6912,0,6912,7346,-101
2671,6811,6784,0,6784,7328,27
2672,6697,6912,1,6656,7307,-215
2673,6697,6784,0,6784,7290,-87
2674,6579,6656,0,6656,7270,-77
2675,6579,6528,0,6528,7246,51
2676,6457,6656,1,6400,7219,-199
2677,6457,6528,0,6528,7197,-71
2678,6332,6400,0,6400,7172,-68
2679,6332,6272,0,6272,7143,60
2680,6202,6400,1,6144,7111,-198
2681,6202,6272,0,6272,7084,-70
2682,6069,6144,0,6144,7054,-75
2683,6069,6016,0,6016,7021,53
2684,5932,6144,1,5888,6985,-212
2685,5932,6016,0,6016,6954,-84
2686,5792,5888,0,5888,6920,-96
2687,5792,5760,0,5760,6883,32
2688,5648,5888,1,5632,6843,-240
2689,5648,5760,0,5760,6809,-112
2690,5501,5632,0,5632,6772,-131
2691,5501,5504,0,5504,6732,-3
2692,5350,5376,0,5376,6689,-26
2693,5350,5248,0,5248,6643,102
2694,5196,5376,1,5120,6595,-180
2695,5196,5248,0,5248,6552,-52
2696,5039,5120,0,5120,6507,-81
2697,5039,4992,0,4992,6459,47
2698,4879,5120,1,4864,6409,-241
2699,4879,4992,0,4992,6364,-113
2700,4716,4864,0,4864,6317,-148
2701,4716,4736,0,4736,6267,-20
2702,4551,4608,0,4608,6215,-57
2703,4551,4480,0,4480,6160,71
2704,4382,4608,1,4352,6103,-226
2705,4382,4480,0,4480,6052,-98
2706,4211,4352,0,4352,5998,-141
2707,4037,4224,0,4224,5942,-187
2708,4037,4096,0,4096,5884,-59
2709,3861,3968,0,3968,5824,-107
2710,3861,3840,0,3840,5762,21
2711,3683,3968,1,3712,5697,-285
2712,3683,3840,0,3840,5638,-157
2713,3502,3712,0,3712,5577,-210
2714,3502,3584,0,3584,5514,-82
2715,3319,3456,0,3456,5449,-137
2716,3319,3328,0,3328,5382,-9
2717,3135,3200,0,3200,5313,-65
2718,3135,3072,0,3072,5242,63
2719,2948,3200,1,2944,5170,-252
2720,2948,3072,0,3072,5104,-124
2721,2759,2944,0,2944,5036,-185
2722,2759,2816,0,2816,4966,-57
2723,2569,2688,0,2688,4894,-119
2724,2569,2560,0,2560,4821,9
2725,2378,2688,1,2432,4746,-310
2726,2378,2560,0,2560,4677,-182
2727,2185,2432,0,2432,4606,-247
2728,2185,2304,0,2304,4534,-119
2729,1990,2176,0,2176,4460,-186
2730,1990,2048,0,2048,4384,-58
2731,1795,1920,0,1920,4307,-125
2732,1795,1792,0,1792,4228,3
2733,1598,1920,1,1664,4147,-322
2734,1598,1792,0,1792,4073,-194
2735,1400,1664,0,1664,3997,-264
2736,1400,1536,0,1536,3920,-136
2737,1202,1408,0,1408,3841,-206
2738,1202,1280,0,1280,3760,-78
2739,1003,1152,0,1152,3678,-149
2740,1003,1024,0,1024,3595,-21
2741,803,896,0,896,3510,-93
2742,803,768,0,768,3424,35
2743,603,896,1,640,3337,-293
2744,603,768,0,768,3256,-165
2745,402,640,0,640,3174,-238
2746,402,512,0,512,3090,-110
2747,201,384,0,384,3005,-183
2748,0,256,0,256,2919,-256
2749,0,128,0,128,2831,-128
2750,-201,0,0,0,2742,-201
2751,-201,-128,0,-128,2652,-73
2752,-402,-256,0,-256,2561,-146
2753,-402,-384,0,-384,2468,-18
2754,-603,-512,0,-512,2374,-91
2755,-603,-640,0,-640,2279,37
2756,-803,-512,1,-768,2183,-291
2757,-803,-640,0,-640,2094,-163
2758,-1003,-768,0,-768,2004,-235
2759,-1003,-896,0,-896,1913,-107
2760,-1202,-1024,0,-1024,1821,-178
2761,-1202,-1152,0,-1152,1728,-50
2762,-1400,-1280,0,-1280,1634,-120
2763,-1400,-1408,0,-1408,1538,8
2764,-1598,-1280,1,-1536,1441,-318
2765,-1598,-1408,0,-1408,1351,-190
2766,-1795,-1536,0,-1536,1260,-259
2767,-1795,-1664,0,-1664,1168,-131
2768,-1990,-1792,0,-1792,1075,-198
2769,-1990,-1920,0,-1920,981,-70
2770,-2185,-2048,0,-2048,886,-137
2771,-2185,-2176,0,-2176,790,-9
2772,-2378,-2304,0,-2304,693,-74
2773,-2378,-2432,0,-2432,595,54
2774,-2569,-2304,1,-2560,496,-265
2775,-2569,-2432,0,-2432,404,-137
2776,-2759,-2560,0,-2560,311,-199
2777,-2759,-2688,0,-2688,217,-71
2778,-2948,-2816,0,-2816,122,-132
2779,-2948,-2944,0,-2944,26,-4
2780,-3135,-3072,0,-3072,-71,-63
2781,-3135,-3200,0,-3200,-169,65
2782,-3319,-3072,1,-3328,-268,-247
2783,-3319,-3200,0,-3200,-360,-119
2784,-3502,-3328,0,-3328,-453,-174
2785,-3502,-3456,0,-3456,-547,-46
2786,-3683,-3584,0,-3584,-642,-99
2787,-3683,-3712,0,-3712,-738,29
2788,-3861,-3584,1,-3840,-835,-277
2789,-3861,-3712,0,-3712,-925,-149
2790,-4037,-3840,0,-3840,-1017,-197
2791,-4211,-3968,0,-3968,-1110,-243
2792,-4211,-4096,0,-4096,-1204,-115
2793,-4382,-4224,0,-4224,-1299,-158
2794,-4382,-4352,0,-4352,-1395,-30
2795,-4551,-4480,0,-4480,-1492,-71
2796,-4551,-4608,0,-4608,-1590,57
2797,-4716,-4480,1,-4736,-1689,-236
2798,-4716,-4608,0,-4608,-1781,-108
2799,-4879,-4736,0,-4736,-1874,-143
2800,-4879,-4864,0,-4864,-1968,-15
2801,-5039,-4992,0,-4992,-2063,-47
2802,-5039,-5120,0,-5120,-2159,81
2803,-5196,-4992,1,-5248,-2256,-204
2804,-5196,-5120,0,-5120,-2346,-76
2805,-5350,-5248,0,-5248,-2437,-102
2806,-5350,-5376,0,-5376,-2529,26
2807,-5501,-5248,1,-5504,-2622,-253
2808,-5501,-5376,0,-5376,-2709,-125
2809,-5648,-5504,0,-5504,-2797,-144
2810,-5648,-5632,0,-5632,-2886,-16
2811,-5792,-5760,0,-5760,-2976,-32
2812,-5792,-5888,0,-5888,-3067,96
2813,-5932,-5760,1,-6016,-3160,-172
2814,-5932,-5888,0,-5888,-3246,-44
2815,-6069,-6016,0,-6016,-3333,-53
2816,-6069,-6144,0,-6144,-3421,75
2817,-6202,-6016,1,-6272,-3511,-186
2818,-6202,-6144,0,-6144,-3594,-58
2819,-6332,-6272,0,-6272,-3678,-60
2820,-6332,-6400,0,-6400,-3764,68
2821,-6457,-6272,1,-6528,-3851,-185
2822,-6457,-6400,0,-6400,-3931,-57
2823,-6579,-6528,0,-6528,-4013,-51
2824,-6579,-6656,0,-6656,-4096,77
2825,-6697,-6528,1,-6784,-4180,-169
2826,-6697,-6656,0,-6656,-4258,-41
2827,-6811,-6784,0,-6784,-4337,-27
2828,-6811,-6912,0,-6912,-4418,101
2829,-6920,-6784,1,-7040,-4500,-136
2830,-6920,-6912,0,-6912,-4576,-8
2831,-7026,-7040,0,-7040,-4653,14
2832,-7127,-6912,1,-7168,-4732,-215
2833,-7127,-7040,0,-7040,-4805,-87
2834,-7224,-7168,0,-7168,-4879,-56
2835,-7224,-7296,0,-7296,-4955,72
2836,-7316,-7168,1,-7424,-5033,-148
2837,-7316,-7296,0,-7296,-5104,-20
2838,-7405,-7424,0,-7424,-5177,19
2839,-7405,-7296,1,-7552,-5252,-109
2840,-7488,-7424,0,-7424,-5320,-64
2841,-7488,-7552,0,-7552,-5390,64
2842,-7567,-7424,1,-7680,-5462,-143
2843,-7567,-7552,0,-7552,-5528,-15
2844,-7642,-7680,0,-7680,-5596,38
2845,-7642,-7552,1,-7808,-5666,-90
2846,-7712,-7680,0,-7680,-5729,-32
2847,-7712,-7808,0,-7808,-5794,96
2848,-7778,-7680,1,-7936,-5861,-98
2849,-7778,-7808,0,-7808,-5922,30
2850,-7838,-7680,1,-7936,-5985,-158
2851,-7838,-7808,0,-7808,-6042,-30
2852,-7894,-7936,0,-7936,-6102,42
2853,-7894,-7808,1,-8064,-6164,-86
2854,-7946,-7936,0,-7936,-6220,-10
2855,-7946,-8064,0,-8064,-6278,118
2856,-7992,-7936,1,-8192,-6338,-56
2857,-7992,-8064,0,-8064,-6392,72
2858,-8034,-7936,1,-8192,-6449,-98
2859,-8034,-8064,0,-8064,-6500,30
2860,-8070,-7936,1,-8192,-6553,-134
2861,-8070,-8064,0,-8064,-6601,-6
2862,-8102,-8192,0,-8192,-6651,90
2863,-8102,-8064,1,-8320,-6704,-38
2864,-8129,-8192,0,-8192,-6751,63
2865,-8129,-8064,1,-8320,-6801,-65
2866,-8152,-8192,0,-8192,-6845,40
2867,-8152,-8064,1,-8320,-6892,-88
2868,-8169,-8192,0,-8192,-6933,23
2869,-8169,-8064,1,-8320,-6977,-105
2870,-8181,-8192,0,-8192,-7015,11
2871,-8181,-8064,1,-8320,-7056,-117
2872,-8189,-8192,0,-8192,-7092,3
2873,-8191,-8064,1,-8320,-7131,-127
2874,-8191,-8192,0,-8192,-7165,1
2875,-8189,-8064,1,-8320,-7202,-125
2876,-8189,-8192,0,-8192,-7233,3
2877,-8181,-8064,1,-8320,-7267,-117
2878,-8181,-8192,0,-8192,-7296,11
2879,-8169,-8064,1,-8320,-7328,-105
2880,-8169,-8192,0,-8192,-7355,23
2881,-8152,-8064,1,-8320,-7386,-88
2882,-8152,-8192,0,-8192,-7412,40
2883,-8129,-8064,1,-8320,-7441,-65
2884,-8129,-8192,0,-8192,-7465,63
2885,-8102,-8064,1,-8320,-7492,-38
2886,-8102,-8192,0,-8192,-7514,90
2887,-8070,-8064,1,-8320,-7540,-6
2888,-8070,-8192,0,-8192,-7561,122
2889,-8034,-8064,1,-8320,-7585,30
2890,-8034,-7936,1,-8192,-7604,-98
2891,-7992,-8064,0,-8064,-7619,72
2892,-7992,-7936,1,-8192,-7637,-56
2893,-7946,-8064,0,-8064,-7651,118
2894,-7946,-7936,1,-8192,-7668,-10
2895,-7894,-8064,0,-8064,-7681,170
2896,-7894,-7936,1,-8192,-7697,42
2897,-7838,-7808,1,-8064,-7709,-30
2898,-7838,-7936,0,-7936,-7717,98
2899,-7778,-7808,1,-8064,-7728,30
2900,-7778,-7680,1,-7936,-7735,-98
2901,-7712,-7808,0,-7808,-7738,96
2902,-7712,-7680,1,-7936,-7745,-32
2903,-7642,-7808,0,-7808,-7747,166
2904,-7642,-7680,1,-7936,-7753,38
2905,-7567,-7552,1,-7808,-7755,-15
2906,-7567,-7680,0,-7680,-7753,113
2907,-7488,-7552,1,-7808,-7755,64
2908,-7488,-7424,1,-7680,-7753,-64
2909,-7405,-7552,0,-7552,-7747,147
2910,-7405,-7424,1,-7680,-7745,19
2911,-7316,-7296,1,-7552,-7739,-20
2912,-7316,-7424,0,-7424,-7730,108
2913,-7224,-7296,1,-7552,-7725,72
2914,-7224,-7168,1,-7424,-7716,-56
2915,-7127,-7296,0,-7296,-7703,169
2916,-7026,-7168,1,-7424,-7695,142
2917,-7026,-7040,1,-7296,-7683,14
2918,-6920,-6912,1,-7168,-7667,-8
2919,-6920,-7040,0,-7040,-7648,120
2920,-6811,-6912,1,-7168,-7633,101
2921,-6811,-6784,1,-7040,-7615,-27
2922,-6697,-6912,0,-6912,-7594,215
2923,-6697,-6784,1,-7040,-7577,87
2924,-6579,-6656,1,-6912,-7557,77
2925,-6579,-6528,1,-6784,-7533,-51
2926,-6457,-6656,0,-6656,-7506,199
2927,-6457,-6528,1,-6784,-7484,71
2928,-6332,-6400,1,-6656,-7459,68
2929,-6332,-6272,1,-6528,-7430,-60
2930,-6202,-6400,0,-6400,-7398,198
2931,-6202,-6272,1,-6528,-7371,70
2932,-6069,-6144,1,-6400,-7341,75
2933,-6069,-6016,1,-6272,-7308,-53
2934,-5932,-6144,0,-6144,-7272,212
2935,-5932,-6016,1,-6272,-7241,84
2936,-5792,-5888,1,-6144,-7207,96
2937,-5792,-5760,1,-6016,-7170,-32
2938,-5648,-5888,0,-5888,-7130,240
2939,-5648,-5760,1,-6016,-7096,112
2940,-5501,-5632,1,-5888,-7059,131
2941,-5501,-5504,1,-5760,-7019,3
2942,-5350,-5376,1,-5632,-6976,26
2943,-5350,-5248,1,-5504,-6930,-102
2944,-5196,-5376,0,-5376,-6882,180
2945,-5196,-5248,1,-5504,-6839,52
2946,-5039,-5120,1,-5376,-6794,81
2947,-5039,-4992,1,-5248,-6746,-47
2948,-4879,-5120,0,-5120,-6696,241
2949,-4879,-4992,1,-5248,-6651,113
2950,-4716,-4864,1,-5120,-6604,148
2951,-4716,-4736,1,-4992,-6554,20
2952,-4551,-4608,1,-4864,-6502,57
2953,-4551,-4480,1,-4736,-6447,-71
2954,-4382,-4608,0,-4608,-6390,226
2955,-4382,-4480,1,-4736,-6339,98
2956,-4211,-4352,1,-4608,-6285,141
2957,-4037,-4224,1,-4480,-6229,187
2958,-4037,-4096,1,-4352,-6171,59
2959,-3861,-3968,1,-4224,-6111,107
2960,-3861,-3840,1,-4096,-6049,-21
2961,-3683,-3968,0,-3968,-5984,285
2962,-3683,-3840,1,-4096,-5925,157
2963,-3502,-3712,1,-3968,-5864,210
2964,-3502,-3584,1,-3840,-5801,82
2965,-3319,-3456,1,-3712,-5736,137
2966,-3319,-3328,1,-3584,-5669,9
2967,-3135,-3200,1,-3456,-5600,65
2968,-3135,-3072,1,-3328,-5529,-63
2969,-2948,-3200,0,-3200,-5457,252
2970,-2948,-3072,1,-3328,-5391,124
2971,-2759,-2944,1,-3200,-5323,185
2972,-2759,-2816,1,-3072,-5253,57
2973,-2569,-2688,1,-2944,-5181,119
2974,-2569,-2560,1,-2816,-5108,-9
2975,-2378,-2688,0,-2688,-5033,310
2976,-2378,-2560,1,-2816,-4964,182
2977,-2185,-2432,1,-2688,-4893,247
2978,-2185,-2304,1,-2560,-4821,119
2979,-1990,-2176,1,-2432,-4747,186
2980,-1990,-2048,1,-2304,-4671,58
2981,-1795,-1920,1,-2176,-4594,125
2982,-1795,-1792,1,-2048,-4515,-3
2983,-1598,-1920,0,-1920,-4434,322
2984,-1598,-1792,1,-2048,-4360,194
2985,-1400,-1664,1,-1920,-4284,264
2986,-1400,-1536,1,-1792,-4207,136
2987,-1202,-1408,1,-1664,-4128,206
2988,-1202,-1280,1,-1536,-4047,78
2989,-1003,-1152,1,-1408,-3965,149
2990,-1003,-1024,1,-1280,-3882,21
2991,-803,-896,1,-1152,-3797,93
2992,-803,-768,1,-1024,-3711,-35
2993,-603,-896,0,-896,-3624,293
2994,-603,-768,1,-1024,-3543,165
2995,-402,-640,1,-896,-3461,238
2996,-402,-512,1,-768,-3377,110
2997,-201,-384,1,-640,-3292,183
2998,0,-256,1,-512,-3206,256
2999,0,-128,1,-384,-3118,128
3000,201,0,1,-256,-3029,201
3001,201,128,1,-128,-2939,73
3002,402,256,1,0,-2848,146
3003,402,384,1,128,-2755,18
3004,603,512,1,256,-2661,91
3005,603,640,1,384,-2566,-37
3006,803,512,0,512,-2470,291
3007,803,640,1,384,-2381,163
3008,1003,768,1,512,-2291,235
3009,1003,896,1,640,-2200,107
3010,1202,1024,1,768,-2108,178
3011,1202,1152,1,896,-2015,50
3012,1400,1280,1,1024,-1921,120
3013,1400,1408,1,1152,-1825,-8
3014,1598,1280,0,1280,-1728,318
3015,1598,1408,1,1152,-1638,190
3016,1795,1536,1,1280,-1547,259
3017,1795,1664,1,1408,-1455,131
3018,1990,1792,1,1536,-1362,198
3019,1990,1920,1,1664,-1268,70
3020,2185,2048,1,1792,-1173,137
3021,2185,2176,1,1920,-1077,9
3022,2378,2304,1,2048,-980,74
3023,2378,2432,1,2176,-882,-54
3024,2569,2304,0,2304,-783,265
3025,2569,2432,1,2176,-691,137
3026,2759,2560,1,2304,-598,199
3027,2759,2688,1,2432,-504,71
3028,2948,2816,1,2560,-409,132
3029,2948,2944,1,2688,-313,4
3030,3135,3072,1,2816,-216,63
3031,3135,3200,1,2944,-118,-65
3032,3319,3072,0,3072,-19,247
3033,3319,3200,1,2944,73,119
3034,3502,3328,1,3072,166,174
3035,3502,3456,1,3200,260,46
3036,3683,3584,1,3328,355,99
3037,3683,3712,1,3456,451,-29
3038,3861,3584,0,3584,548,277
3039,3861,3712,1,3456,638,149
3040,4037,3840,1,3584,730,197
3041,4211,3968,1,3712,823,243
3042,4211,4096,1,3840,917,115
3043,4382,4224,1,3968,1012,158
3044,4382,4352,1,4096,1108,30
3045,4551,4480,1,4224,1205,71
3046,4551,4608,1,4352,1303,-57
3047,4716,4480,0,4480,1402,236
3048,4716,4608,1,4352,1494,108
3049,4879,4736,1,4480,1587,143
3050,4879,4864,1,4608,1681,15
3051,5039,4992,1,4736,1776,47
3052,5039,5120,1,4864,1872,-81
3053,5196,4992,0,4992,1969,204
3054,5196,5120,1,4864,2059,76
3055,5350,5248,1,4992,2150,102
3056,5350,5376,1,5120,2242,-26
3057,5501,5248,0,5248,2335,253
3058,5501,5376,1,5120,2422,125
3059,5648,5504,1,5248,2510,144
3060,5648,5632,1,5376,2599,16
3061,5792,5760,1,5504,2689,32
3062,5792,5888,1,5632,2780,-96
3063,5932,5760,0,5760,2873,172
3064,5932,5888,1,5632,2959,44
3065,6069,6016,1,5760,3046,53
3066,6069,6144,1,5888,3134,-75
3067,6202,6016,0,6016,3224,186
3068,6202,6144,1,5888,3307,58
3069,6332,6272,1,6016,3391,60
3070,6332,6400,1,6144,3477,-68
3071,6457,6272,0,6272,3564,185
3072,6457,6400,1,6144,3644,57
3073,6579,6528,1,6272,3726,51
3074,6579,6656,1,6400,3809,-77
3075,6697,6528,0,6528,3893,169
3076,6697,6656,1,6400,3971,41
3077,6811,6784,1,6528,4050,27
3078,6811,6912,1,6656,4131,-101
3079,6920,6784,0,6784,4213,136
3080,6920,6912,1,6656,4289,8
3081,7026,7040,1,6784,4366,-14
3082,7127,6912,0,6912,4445,215
3083,7127,7040,1,6784,4518,87
3084,7224,7168,1,6912,4592,56
3085,7224,7296,1,7040,4668,-72
3086,7316,7168,0,7168,4746,148
3087,7316,7296,1,7040,4817,20
3088,7405,7424,1,7168,4890,-19
3089,7405,7296,0,7296,4965,109
3090,7488,7424,1,7168,5033,64
3091,7488,7552,1,7296,5103,-64
3092,7567,7424,0,7424,5175,143
3093,7567,7552,1,7296,5241,15
3094,7642,7680,1,7424,5309,-38
3095,7642,7552,0,7552,5379,90
3096,7712,7680,1,7424,5442,32
3097,7712,7808,1,7552,5507,-96
3098,7778,7680,0,7680,5574,98
3099,7778,7808,1,7552,5635,-30
3100,7838,7680,0,7680,5698,158
3101,7838,7808,1,7552,5755,30
3102,7894,7936,1,7680,5815,-42
3103,7894,7808,0,7808,5877,86
3104,7946,7936,1,7680,5933,10
3105,7946,8064,1,7808,5991,-118
3106,7992,7936,0,7936,6051,56
3107,7992,8064,1,7808,6105,-72
3108,8034,7936,0,7936,6162,98
3109,8034,8064,1,7808,6213,-30
3110,8070,7936,0,7936,6266,134
3111,8070,8064,1,7808,6314,6
3112,8102,8192,1,7936,6364,-90
3113,8102,8064,0,8064,6417,38
3114,8129,8192,1,7936,6464,-63
3115,8129,8064,0,8064,6514,65
3116,8152,8192,1,7936,6558,-40
3117,8152,8064,0,8064,6605,88
3118,8169,8192,1,7936,6646,-23
3119,8169,8064,0,8064,6690,105
3120,8181,8192,1,7936,6728,-11
3121,8181,8064,0,8064,6769,117
3122,8189,8192,1,7936,6805,-3
3123,8191,8064,0,8064,6844,127
3124,8191,8192,1,7936,6878,-1
3125,8189,8064,0,8064,6915,125
3126,8189,8192,1,7936,6946,-3
3127,8181,8064,0,8064,6980,117
3128,8181,8192,1,7936,7009,-11
3129,8169,8064,0,8064,7041,105
3130,8169,8192,1,7936,7068,-23
3131,8152,8064,0,8064,7099,88
3132,8152,8192,1,7936,7125,-40
3133,8129,8064,0,8064,7154,65
3134,8129,8192,1,7936,7178,-63
3135,8102,8064,0,8064,7205,38
3136,8102,8192,1,7936,7227,-90
3137,8070,8064,0,8064,7253,6
3138,8070,8192,1,7936,7274,-122
3139,8034,8064,0,8064,7298,-30
3140,8034,7936,0,7936,7317,98
3141,7992,8064,1,7808,7332,-72
3142,7992,7936,0,7936,7350,56
3143,7946,8064,1,7808,7364,-118
3144,7946,7936,0,7936,7381,10
3145,7894,8064,1,7808,7394,-170
3146,7894,7936,0,7936,7410,-42
3147,7838,7808,0,7808,7422,30
3148,7838,7936,1,7680,7430,-98
3149,7778,7808,0,7808,7441,-30
3150,7778,7680,0,7680,7448,98
3151,7712,7808,1,7552,7451,-96
3152,7712,7680,0,7680,7458,32
3153,7642,7808,1,7552,7460,-166
3154,7642,7680,0,7680,7466,-38
3155,7567,7552,0,7552,7468,15
3156,7567,7680,1,7424,7466,-113
3157,7488,7552,0,7552,7468,-64
3158,7488,7424,0,7424,7466,64
3159,7405,7552,1,7296,7460,-147
3160,7405,7424,0,7424,7458,-19
3161,7316,7296,0,7296,7452,20
3162,7316,7424,1,7168,7443,-108
3163,7224,7296,0,7296,7438,-72
3164,7224,7168,0,7168,7429,56
3165,7127,7296,1,7040,7416,-169
3166,7026,7168,0,7168,7408,-142
3167,7026,7040,0,7040,7396,-14
3168,6920,6912,0,6912,7380,8
3169,6920,7040,1,6784,7361,-120
3170,6811,6912,0,6912,7346,-101
3171,6811,6784,0,6784,7328,27
3172,6697,6912,1,6656,7307,-215
3173,6697,6784,0,6784,7290,-87
3174,6579,6656,0,6656,7270,-77
3175,6579,6528,0,6528,7246,51
3176,6457,6656,1,6400,7219,-199
3177,6457,6528,0,6528,7197,-71
3178,6332,6400,0,6400,7172,-68
3179,6332,6272,0,6272,7143,60
3180,6202,6400,1,6144,7111,-198
3181,6202,6272,0,6272,7084,-70
3182,6069,6144,0,6144,7054,-75
3183,6069,6016,0,6016,7021,53
3184,5932,6144,1,5888,6985,-212
3185,5932,6016,0,6016,6954,-84
3186,5792,5888,0,5888,6920,-96
3187,5792,5760,0,5760,6883,32
3188,5648,5888,1,5632,6843,-240
3189,5648,5760,0,5760,6809,-112
3190,5501,5632,0,5632,6772,-131
3191,5501,5504,0,5504,6732,-3
3192,5350,5376,0,5376,6689,-26
3193,5350,5248,0,5248,6643,102
3194,5196,5376,1,5120,6595,-180
3195,5196,5248,0,5248,6552,-52
3196,5039,5120,0,5120,6507,-81
3197,5039,4992,0,4992,6459,47
3198,4879,5120,1,4864,6409,-241
3199,4879,4992,0,4992,6364,-113
3200,4716,4864,0,4864,6317,-148
3201,4716,4736,0,4736,6267,-20
3202,4551,4608,0,4608,6215,-57
3203,4551,4480,0,4480,6160,71
3204,4382,4608,1,4352,6103,-226
3205,4382,4480,0,4480,6052,-98
3206,4211,4352,0,4352,5998,-141
3207,4037,4224,0,4224,5942,-187
3208,4037,4096,0,4096,5884,-59
3209,3861,3968,0,3968,5824,-107
3210,3861,3840,0,3840,5762,21
3211,3683,3968,1,3712,5697,-285
3212,3683,3840,0,3840,5638,-157
3213,3502,3712,0,3712,5577,-210
3214,3502,3584,0,3584,5514,-82
3215,3319,3456,0,3456,5449,-137
3216,3319,3328,0,3328,5382,-9
3217,3135,3200,0,3200,5313,-65
3218,3135,3072,0,3072,5242,63
3219,2948,3200,1,2944,5170,-252
3220,2948,3072,0,3072,5104,-124
3221,2759,2944,0,2944,5036,-185
3222,2759,2816,0,2816,4966,-57
3223,2569,2688,0,2688,4894,-119
3224,2569,2560,0,2560,4821,9
3225,2378,2688,1,2432,4746,-310
3226,2378,2560,0,2560,4677,-182
3227,2185,2432,0,2432,4606,-247
3228,2185,2304,0,2304,4534,-119
3229,1990,2176,0,2176,4460,-186
3230,1990,2048,0,2048,4384,-58
3231,1795,1920,0,1920,4307,-125
3232,1795,1792,0,1792,4228,3
3233,1598,1920,1,1664,4147,-322
3234,1598,1792,0,1792,4073,-194
3235,1400,1664,0,1664,3997,-264
3236,1400,1536,0,1536,3920,-136
3237,1202,1408,0,1408,3841,-206
3238,1202,1280,0,1280,3760,-78
3239,1003,1152,0,1152,3678,-149
3240,1003,1024,0,1024,3595,-21
3241,803,896,0,896,3510,-93
3242,803,768,0,768,3424,35
3243,603,896,1,640,3337,-293
3244,603,768,0,768,3256,-165
3245,402,640,0,640,3174,-238
3246,402,512,0,512,3090,-110
3247,201,384,0,384,3005,-183
3248,0,256,0,256,2919,-256
3249,0,128,0,128,2831,-128
3250,-201,0,0,0,2742,-201
3251,-201,-128,0,-128,2652,-73
3252,-402,-256,0,-256,2561,-146
3253,-402,-384,0,-384,2468,-18
3254,-603,-512,0,-512,2374,-91
3255,-603,-640,0,-640,2279,37
3256,-803,-512,1,-768,2183,-291
3257,-803,-640,0,-640,2094,-163
3258,-1003,-768,0,-768,2004,-235
3259,-1003,-896,0,-896,1913,-107
3260,-1202,-1024,0,-1024,1821,-178
3261,-1202,-1152,0,-1152,1728,-50
3262,-1400,-1280,0,-1280,1634,-120
3263,-1400,-1408,0,-1408,1538,8
3264,-1598,-1280,1,-1536,1441,-318
3265,-1598,-1408,0,-1408,1351,-190
3266,-1795,-1536,0,-1536,1260,-259
3267,-1795,-1664,0,-1664,1168,-131
3268,-1990,-1792,0,-1792,1075,-198
3269,-1990,-1920,0,-1920,981,-70
3270,-2185,-2048,0,-2048,886,-137
3271,-2185,-2176,0,-2176,790,-9
3272,-2378,-2304,0,-2304,693,-74
3273,-2378,-2432,0,-2432,595,54
3274,-2569,-2304,1,-2560,496,-265
3275,-2569,-2432,0,-2432,404,-137
3276,-2759,-2560,0,-2560,311,-199
3277,-2759,-2688,0,-2688,217,-71
3278,-2948,-2816,0,-2816,122,-132
3279,-2948,-2944,0,-2944,26,-4
3280,-3135,-3072,0,-3072,-71,-63
3281,-3135,-3200,0,-3200,-169,65
3282,-3319,-3072,1,-3328,-268,-247
3283,-3319,-3200,0,-3200,-360,-119
3284,-3502,-3328,0,-3328,-453,-174
3285,-3502,-3456,0,-3456,-547,-46
3286,-3683,-3584,0,-3584,-642,-99
3287,-3683,-3712,0,-3712,-738,29
3288,-3861,-3584,1,-3840,-835,-277
3289,-3861,-3712,0,-3712,-925,-149
3290,-4037,-3840,0,-3840,-1017,-197
3291,-4211,-3968,0,-3968,-1110,-243
3292,-4211,-4096,0,-4096,-1204,-115
3293,-4382,-4224,0,-4224,-1299,-158
3294,-4382,-4352,0,-4352,-1395,-30
3295,-4551,-4480,0,-4480,-1492,-71
3296,-4551,-4608,0,-4608,-1590,57
3297,-4716,-4480,1,-4736,-1689,-236
3298,-4716,-4608,0,-4608,-1781,-108
3299,-4879,-4736,0,-4736,-1874,-143
3300,-4879,-4864,0,-4864,-1968,-15
3301,-5039,-4992,0,-4992,-2063,-47
3302,-5039,-5120,0,-5120,-2159,81
3303,-5196,-4992,1,-5248,-2256,-204
3304,-5196,-5120,0,-5120,-2346,-76
3305,-5350,-5248,0,-5248,-2437,-102
3306,-5350,-5376,0,-5376,-2529,26
3307,-5501,-5248,1,-5504,-2622,-253
3308,-5501,-5376,0,-5376,-2709,-125
3309,-5648,-5504,0,-5504,-2797,-144
3310,-5648,-5632,0,-5632,-2886,-16
3311,-5792,-5760,0,-5760,-2976,-32
3312,-5792,-5888,0,-5888,-3067,96
3313,-5932,-5760,1,-6016,-3160,-172
3314,-5932,-5888,0,-5888,-3246,-44
3315,-6069,-6016,0,-6016,-3333,-53
3316,-6069,-6144,0,-6144,-3421,75
3317,-6202,-6016,1,-6272,-3511,-186
3318,-6202,-6144,0,-6144,-3594,-58
3319,-6332,-6272,0,-6272,-3678,-60
3320,-6332,-6400,0,-6400,-3764,68
3321,-6457,-6272,1,-6528,-3851,-185
3322,-6457,-6400,0,-6400,-3931,-57
3323,-6579,-6528,0,-6528,-4013,-51
3324,-6579,-6656,0,-6656,-4096,77
3325,-6697,-6528,1,-6784,-4180,-169
3326,-6697,-6656,0,-6656,-4258,-41
3327,-6811,-6784,0,-6784,-4337,-27
3328,-6811,-6912,0,-6912,-4418,101
3329,-6920,-6784,1,-7040,-4500,-136
3330,-6920,-6912,0,-6912,-4576,-8
3331,-7026,-7040,0,-7040,-4653,14
3332,-7127,-6912,1,-7168,-4732,-215
3333,-7127,-7040,0,-7040,-4805,-87
3334,-7224,-7168,0,-7168,-4879,-56
3335,-7224,-7296,0,-7296,-4955,72
3336,-7316,-7168,1,-7424,-5033,-148
3337,-7316,-7296,0,-7296,-5104,-20
3338,-7405,-7424,0,-7424,-5177,19
3339,-7405,-7296,1,-7552,-5252,-109
3340,-7488,-7424,0,-7424,-5320,-64
3341,-7488,-7552,0,-7552,-5390,64
3342,-7567,-7424,1,-7680,-5462,-143
3343,-7567,-7552,0,-7552,-5528,-15
3344,-7642,-7680,0,-7680,-5596,38
3345,-7642,-7552,1,-7808,-5666,-90
3346,-7712,-7680,0,-7680,-5729,-32
3347,-7712,-7808,0,-7808,-5794,96
3348,-7778,-7680,1,-7936,-5861,-98
3349,-7778,-7808,0,-7808,-5922,30
3350,-7838,-7680,1,-7936,-5985,-158
3351,-7838,-7808,0,-7808,-6042,-30
3352,-7894,-7936,0,-7936,-6102,42
3353,-7894,-7808,1,-8064,-6164,-86
3354,-7946,-7936,0,-7936,-6220,-10
3355,-7946,-8064,0,-8064,-6278,118
3356,-7992,-7936,1,-8192,-6338,-56
3357,-7992,-8064,0,-8064,-6392,72
3358,-8034,-7936,1,-8192,-6449,-98
3359,-8034,-8064,0,-8064,-6500,30
3360,-8070,-7936,1,-8192,-6553,-134
3361,-8070,-8064,0,-8064,-6601,-6
3362,-8102,-8192,0,-8192,-6651,90
3363,-8102,-8064,1,-8320,-6704,-38
3364,-8129,-8192,0,-8192,-6751,63
3365,-8129,-8064,1,-8320,-6801,-65
3366,-8152,-8192,0,-8192,-6845,40
3367,-8152,-8064,1,-8320,-6892,-88
3368,-8169,-8192,0,-8192,-6933,23
3369,-8169,-8064,1,-8320,-6977,-105
3370,-8181,-8192,0,-8192,-7015,11
3371,-8181,-8064,1,-8320,-7056,-117
3372,-8189,-8192,0,-8192,-7092,3
3373,-8191,-8064,1,-8320,-7131,-127
3374,-8191,-8192,0,-8192,-7165,1
3375,-8189,-8064,1,-8320,-7202,-125
3376,-8189,-8192,0,-8192,-7233,3
3377,-8181,-8064,1,-8320,-7267,-117
3378,-8181,-8192,0,-8192,-7296,11
3379,-8169,-8064,1,-8320,-7328,-105
3380,-8169,-8192,0,-8192,-7355,23
3381,-8152,-8064,1,-8320,-7386,-88
3382,-8152,-8192,0,-8192,-7412,40
3383,-8129,-8064,1,-8320,-7441,-65
3384,-8129,-8192,0,-8192,-7465,63
3385,-8102,-8064,1,-8320,-7492,-38
3386,-8102,-8192,0,-8192,-7514,90
3387,-8070,-8064,1,-8320,-7540,-6
3388,-8070,-8192,0,-8192,-7561,122
3389,-8034,-8064,1,-8320,-7585,30
3390,-8034,-7936,1,-8192,-7604,-98
3391,-7992,-8064,0,-8064,-7619,72
3392,-7992,-7936,1,-8192,-7637,-56
3393,-7946,-8064,0,-8064,-7651,118
3394,-7946,-7936,1,-8192,-7668,-10
3395,-7894,-8064,0,-8064,-7681,170
3396,-7894,-7936,1,-8192,-7697,42
3397,-7838,-7808,1,-8064,-7709,-30
3398,-7838,-7936,0,-7936,-7717,98
3399,-7778,-7808,1,-8064,-7728,30
3400,-7778,-7680,1,-7936,-7735,-98
3401,-7712,-7808,0,-7808,-7738,96
3402,-7712,-7680,1,-7936,-7745,-32
3403,-7642,-7808,0,-7808,-7747,166
3404,-7642,-7680,1,-7936,-7753,38
3405,-7567,-7552,1,-7808,-7755,-15
3406,-7567,-7680,0,-7680,-7753,113
3407,-7488,-7552,1,-7808,-7755,64
3408,-7488,-7424,1,-7680,-7753,-64
3409,-7405,-7552,0,-7552,-7747,147
3410,-7405,-7424,1,-7680,-7745,19
3411,-7316,-7296,1,-7552,-7739,-20
3412,-7316,-7424,0,-7424,-7730,108
3413,-7224,-7296,1,-7552,-7725,72
3414,-7224,-7168,1,-7424,-7716,-56
3415,-7127,-7296,0,-7296,-7703,169
3416,-7026,-7168,1,-7424,-7695,142
3417,-7026,-7040,1,-7296,-7683,14
3418,-6920,-6912,1,-7168,-7667,-8
3419,-6920,-7040,0,-7040,-7648,120
3420,-6811,-6912,1,-7168,-7633,101
3421,-6811,-6784,1,-7040,-7615,-27
3422,-6697,-6912,0,-6912,-7594,215
3423,-6697,-6784,1,-7040,-7577,87
3424,-6579,-6656,1,-6912,-7557,77
3425,-6579,-6528,1,-6784,-7533,-51
3426,-6457,-6656,0,-6656,-7506,199
3427,-6457,-6528,1,-6784,-7484,71
3428,-6332,-6400,1,-6656,-7459,68
3429,-6332,-6272,1,-6528,-7430,-60
3430,-6202,-6400,0,-6400,-7398,198
3431,-6202,-6272,1,-6528,-7371,70
3432,-6069,-6144,1,-6400,-7341,75
3433,-6069,-6016,1,-6272,-7308,-53
3434,-5932,-6144,0,-6144,-7272,212
3435,-5932,-6016,1,-6272,-7241,84
3436,-5792,-5888,1,-6144,-7207,96
3437,-5792,-5760,1,-6016,-7170,-32
3438,-5648,-5888,0,-5888,-7130,240
3439,-5648,-5760,1,-6016,-7096,112
3440,-5501,-5632,1,-5888,-7059,131
3441,-5501,-5504,1,-5760,-7019,3
3442,-5350,-5376,1,-5632,-6976,26
3443,-5350,-5248,1,-5504,-6930,-102
3444,-5196,-5376,0,-5376,-6882,180
3445,-5196,-5248,1,-5504,-6839,52
3446,-5039,-5120,1,-5376,-6794,81
3447,-5039,-4992,1,-5248,-6746,-47
3448,-4879,-5120,0,-5120,-6696,241
3449,-4879,-4992,1,-5248,-6651,113
3450,-4716,-4864,1,-5120,-6604,148
3451,-4716,-4736,1,-4992,-6554,20
3452,-4551,-4608,1,-4864,-6502,57
3453,-4551,-4480,1,-4736,-6447,-71
3454,-4382,-4608,0,-4608,-6390,226
3455,-4382,-4480,1,-4736,-6339,98
3456,-4211,-4352,1,-4608,-6285,141
3457,-4037,-4224,1,-4480,-6229,187
3458,-4037,-4096,1,-4352,-6171,59
3459,-3861,-3968,1,-4224,-6111,107
3460,-3861,-3840,1,-4096,-6049,-21
3461,-3683,-3968,0,-3968,-5984,285
3462,-3683,-3840,1,-4096,-5925,157
3463,-3502,-3712,1,-3968,-5864,210
3464,-3502,-3584,1,-3840,-5801,82
3465,-3319,-3456,1,-3712,-5736,137
3466,-3319,-3328,1,-3584,-5669,9
3467,-3135,-3200,1,-3456,-5600,65
3468,-3135,-3072,1,-3328,-5529,-63
3469,-2948,-3200,0,-3200,-5457,252
3470,-2948,-3072,1,-3328,-5391,124
3471,-2759,-2944,1,-3200,-5323,185
3472,-2759,-2816,1,-3072,-5253,57
3473,-2569,-2688,1,-2944,-5181,119
3474,-2569,-2560,1,-2816,-5108,-9
3475,-2378,-2688,0,-2688,-5033,310
3476,-2378,-2560,1,-2816,-4964,182
3477,-2185,-2432,1,-2688,-4893,247
3478,-2185,-2304,1,-2560,-4821,119
3479,-1990,-2176,1,-2432,-4747,186
3480,-1990,-2048,1,-2304,-4671,58
3481,-1795,-1920,1,-2176,-4594,125
3482,-1795,-1792,1,-2048,-4515,-3
3483,-1598,-1920,0,-1920,-4434,322
3484,-1598,-1792,1,-2048,-4360,194
3485,-1400,-1664,1,-1920,-4284,264
3486,-1400,-1536,1,-1792,-4207,136
3487,-1202,-1408,1,-1664,-4128,206
3488,-1202,-1280,1,-1536,-4047,78
3489,-1003,-1152,1,-1408,-3965,149
3490,-1003,-1024,1,-1280,-3882,21
3491,-803,-896,1,-1152,-3797,93
3492,-803,-768,1,-1024,-3711,-35
3493,-603,-896,0,-896,-3624,293
3494,-603,-768,1,-1024,-3543,165
3495,-402,-640,1,-896,-3461,238
3496,-402,-512,1,-768,-3377,110
3497,-201,-384,1,-640,-3292,183
3498,0,-256,1,-512,-3206,256
3499,0,-128,1,-384,-3118,128
3500,201,0,1,-256,-3029,201
3501,201,128,1,-128,-2939,73
3502,402,256,1,0,-2848,146
3503,402,384,1,128,-2755,18
3504,603,512,1,256,-2661,91
3505,603,640,1,384,-2566,-37
3506,803,512,0,512,-2470,291
3507,803,640,1,384,-2381,163
3508,1003,768,1,512,-2291,235
3509,1003,896,1,640,-2200,107
3510,1202,1024,1,768,-2108,178
3511,1202,1152,1,896,-2015,50
3512,1400,1280,1,1024,-1921,120
3513,1400,1408,1,1152,-1825,-8
3514,1598,1280,0,1280,-1728,318
3515,1598,1408,1,1152,-1638,190
3516,1795,1536,1,1280,-1547,259
3517,1795,1664,1,1408,-1455,131
3518,1990,1792,1,1536,-1362,198
3519,1990,1920,1,1664,-1268,70
3520,2185,2048,1,1792,-1173,137
3521,2185,2176,1,1920,-1077,9
3522,2378,2304,1,2048,-980,74
3523,2378,2432,1,2176,-882,-54
3524,2569,2304,0,2304,-783,265
3525,2569,2432,1,2176,-691,137
3526,2759,2560,1,2304,-598,199
3527,2759,2688,1,2432,-504,71
3528,2948,2816,1,2560,-409,132
3529,2948,2944,1,2688,-313,4
3530,3135,3072,1,2816,-216,63
3531,3135,3200,1,2944,-118,-65
3532,3319,3072,0,3072,-19,247
3533,3319,3200,1,2944,73,119
3534,3502,3328,1,3072,166,174
3535,3502,3456,1,3200,260,46
3536,3683,3584,1,3328,355,99
3537,3683,3712,1,3456,451,-29
3538,3861,3584,0,3584,548,277
3539,3861,3712,1,3456,638,149
3540,4037,3840,1,3584,730,197
3541,4211,3968,1,3712,823,243
3542,4211,4096,1,3840,917,115
3543,4382,4224,1,3968,1012,158
3544,4382,4352,1,4096,1108,30
3545,4551,4480,1,4224,1205,71
3546,4551,4608,1,4352,1303,-57
3547,4716,4480,0,4480,1402,236
3548,4716,4608,1,4352,1494,108
3549,4879,4736,1,4480,1587,143
3550,4879,4864,1,4608,1681,15
3551,5039,4992,1,4736,1776,47
3552,5039,5120,1,4864,1872,-81
3553,5196,4992,0,4992,1969,204
3554,5196,5120,1,4864,2059,76
3555,5350,5248,1,4992,2150,102
3556,5350,5376,1,5120,2242,-26
3557,5501,5248,0,5248,2335,253
3558,5501,5376,1,5120,2422,125
3559,5648,5504,1,5248,2510,144
3560,5648,5632,1,5376,2599,16
3561,5792,5760,1,5504,2689,32
3562,5792,5888,1,5632,2780,-96
3563,5932,5760,0,5760,2873,172
3564,5932,5888,1,5632,2959,44
3565,6069,6016,1,5760,3046,53
3566,6069,6144,1,5888,3134,-75
3567,6202,6016,0,6016,3224,186
3568,6202,6144,1,5888,3307,58
3569,6332,6272,1,6016,3391,60
3570,6332,6400,1,6144,3477,-68
3571,6457,6272,0,6272,3564,185
3572,6457,6400,1,6144,3644,57
3573,6579,6528,1,6272,3726,51
3574,6579,6656,1,6400,3809,-77
3575,6697,6528,0,6528,3893,169
3576,6697,6656,1,6400,3971,41
3577,6811,6784,1,6528,4050,27
3578,6811,6912,1,6656,4131,-101
3579,6920,6784,0,6784,4213,136
3580,6920,6912,1,6656,4289,8
3581,7026,7040,1,6784,4366,-14
3582,7127,6912,0,6912,4445,215
3583,7127,7040,1,6784,4518,87
3584,7224,7168,1,6912,4592,56
3585,7224,7296,1,7040,4668,-72
3586,7316,7168,0,7168,4746,148
3587,7316,7296,1,7040,4817,20
3588,7405,7424,1,7168,4890,-19
3589,7405,7296,0,7296,4965,109
3590,7488,7424,1,7168,5033,64
3591,7488,7552,1,7296,5103,-64
3592,7567,7424,0,7424,5175,143
3593,7567,7552,1,7296,5241,15
3594,7642,7680,1,7424,5309,-38
3595,7642,7552,0,7552,5379,90
3596,7712,7680,1,7424,5442,32
3597,7712,7808,1,7552,5507,-96
3598,7778,7680,0,7680,5574,98
3599,7778,7808,1,7552,5635,-30
3600,7838,7680,0,7680,5698,158
3601,7838,7808,1,7552,5755,30
3602,7894,7936,1,7680,5815,-42
3603,7894,7808,0,7808,5877,86
3604,7946,7936,1,7680,5933,10
3605,7946,8064,1,7808,5991,-118
3606,7992,7936,0,7936,6051,56
3607,7992,8064,1,7808,6105,-72
3608,8034,7936,0,7936,6162,98
3609,8034,8064,1,7808,6213,-30
3610,8070,7936,0,7936,6266,134
3611,8070,8064,1,7808,6314,6
3612,8102,8192,1,7936,6364,-90
3613,8102,8064,0,8064,6417,38
3614,8129,8192,1,7936,6464,-63
3615,8129,8064,0,8064,6514,65
3616,8152,8192,1,7936,6558,-40
3617,8152,8064,0,8064,6605,88
3618,8169,8192,1,7936,6646,-23
3619,8169,8064,0,8064,6690,105
3620,8181,8192,1,7936,6728,-11
3621,8181,8064,0,8064,6769,117
3622,8189,8192,1,7936,6805,-3
3623,8191,8064,0,8064,6844,127
3624,8191,8192,1,7936,6878,-1
3625,8189,8064,0,8064,6915,125
3626,8189,8192,1,7936,6946,-3
3627,8181,8064,0,8064,6980,117
3628,8181,8192,1,7936,7009,-11
3629,8169,8064,0,8064,7041,105
3630,8169,8192,1,7936,7068,-23
3631,8152,8064,0,8064,7099,88
3632,8152,8192,1,7936,7125,-40
3633,8129,8064,0,8064,7154,65
3634,8129,8192,1,7936,7178,-63
3635,8102,8064,0,8064,7205,38
3636,8102,8192,1,7936,7227,-90
3637,8070,8064,0,8064,7253,6
3638,8070,8192,1,7936,7274,-122
3639,8034,8064,0,8064,7298,-30
3640,8034,7936,0,7936,7317,98
3641,7992,8064,1,7808,7332,-72
3642,7992,7936,0,7936,7350,56
3643,7946,8064,1,7808,7364,-118
3644,7946,7936,0,7936,7381,10
3645,7894,8064,1,7808,7394,-170
3646,7894,7936,0,7936,7410,-42
3647,7838,7808,0,7808,7422,30
3648,7838,7936,1,7680,7430,-98
3649,7778,7808,0,7808,7441,-30
3650,7778,7680,0,7680,7448,98
3651,7712,7808,1,7552,7451,-96
3652,7712,7680,0,7680,7458,32
3653,7642,7808,1,7552,7460,-166
3654,7642,7680,0,7680,7466,-38
3655,7567,7552,0,7552,7468,15
3656,7567,7680,1,7424,7466,-113
3657,7488,7552,0,7552,7468,-64
3658,7488,7424,0,7424,7466,64
3659,7405,7552,1,7296,7460,-147
3660,7405,7424,0,7424,7458,-19
3661,7316,7296,0,7296,7452,20
3662,7316,7424,1,7168,7443,-108
3663,7224,7296,0,7296,7438,-72
3664,7224,7168,0,7168,7429,56
3665,7127,7296,1,7040,7416,-169
3666,7026,7168,0,7168,7408,-142
3667,7026,7040,0,7040,7396,-14
3668,6920,6912,0,6912,7380,8
3669,6920,7040,1,6784,7361,-120
3670,6811,6912,0,6912,7346,-101
3671,6811,6784,0,6784,7328,27
3672,6697,6912,1,6656,7307,-215
3673,6697,6784,0,6784,7290,-87
3674,6579,6656,0,6656,7270,-77
3675,6579,6528,0,6528,7246,51
3676,6457,6656,1,6400,7219,-199
3677,6457,6528,0,6528,7197,-71
3678,6332,6400,0,6400,7172,-68
3679,6332,6272,0,6272,7143,60
3680,6202,6400,1,6144,7111,-198
3681,6202,6272,0,6272,7084,-70
3682,6069,6144,0,6144,7054,-75
3683,6069,6016,0,6016,7021,53
3684,5932,6144,1,5888,6985,-212
3685,5932,6016,0,6016,6954,-84
3686,5792,5888,0,5888,6920,-96
3687,5792,5760,0,5760,6883,32
3688,5648,5888,1,5632,6843,-240
3689,5648,5760,0,5760,6809,-112
3690,5501,5632,0,5632,6772,-131
3691,5501,5504,0,5504,6732,-3
3692,5350,5376,0,5376,6689,-26
3693,5350,5248,0,5248,6643,102
3694,5196,5376,1,5120,6595,-180
3695,5196,5248,0,5248,6552,-52
3696,5039,5120,0,5120,6507,-81
3697,5039,4992,0,4992,6459,47
3698,4879,5120,1,4864,6409,-241
3699,4879,4992,0,4992,6364,-113
3700,4716,4864,0,4864,6317,-148
3701,4716,4736,0,4736,6267,-20
3702,4551,4608,0,4608,6215,-57
3703,4551,4480,0,4480,6160,71
3704,4382,4608,1,4352,6103,-226
3705,4382,4480,0,4480,6052,-98
3706,4211,4352,0,4352,5998,-141
3707,4037,4224,0,4224,5942,-187
3708,4037,4096,0,4096,5884,-59
3709,3861,3968,0,3968,5824,-107
3710,3861,3840,0,3840,5762,21
3711,3683,3968,1,3712,5697,-285
3712,3683,3840,0,3840,5638,-157
3713,3502,3712,0,3712,5577,-210
3714,3502,3584,0,3584,5514,-82
3715,3319,3456,0,3456,5449,-137
3716,3319,3328,0,3328,5382,-9
3717,3135,3200,0,3200,5313,-65
3718,3135,3072,0,3072,5242,63
3719,2948,3200,1,2944,5170,-252
3720,2948,3072,0,3072,5104,-124
3721,2759,2944,0,2944,5036,-185
3722,2759,2816,0,2816,4966,-57
3723,2569,2688,0,2688,4894,-119
3724,2569,2560,0,2560,4821,9
3725,2378,2688,1,2432,4746,-310
3726,2378,2560,0,2560,4677,-182
3727,2185,2432,0,2432,4606,-247
3728,2185,2304,0,2304,4534,-119
3729,1990,2176,0,2176,4460,-186
3730,1990,2048,0,2048,4384,-58
3731,1795,1920,0,1920,4307,-125
3732,1795,1792,0,1792,4228,3
3733,1598,1920,1,1664,4147,-322
3734,1598,1792,0,1792,4073,-194
3735,1400,1664,0,1664,3997,-264
3736,1400,1536,0,1536,3920,-136
3737,1202,1408,0,1408,3841,-206
3738,1202,1280,0,1280,3760,-78
3739,1003,1152,0,1152,3678,-149
3740,1003,1024,0,1024,3595,-21
3741,803,896,0,896,3510,-93
3742,803,768,0,768,3424,35
3743,603,896,1,640,3337,-293
3744,603,768,0,768,3256,-165
3745,402,640,0,640,3174,-238
3746,402,512,0,512,3090,-110
3747,201,384,0,384,3005,-183
3748,0,256,0,256,2919,-256
3749,0,128,0,128,2831,-128
3750,-201,0,0,0,2742,-201
3751,-201,-128,0,-128,2652,-73
3752,-402,-256,0,-256,2561,-146
3753,-402,-384,0,-384,2468,-18
3754,-603,-512,0,-512,2374,-91
3755,-603,-640,0,-640,2279,37
3756,-803,-512,1,-768,2183,-291
3757,-803,-640,0,-640,2094,-163
3758,-1003,-768,0,-768,2004,-235
3759,-1003,-896,0,-896,1913,-107
3760,-1202,-1024,0,-1024,1821,-178
3761,-1202,-1152,0,-1152,1728,-50
3762,-1400,-1280,0,-1280,1634,-120
3763,-1400,-1408,0,-1408,1538,8
3764,-1598,-1280,1,-1536,1441,-318
3765,-1598,-1408,0,-1408,1351,-190
3766,-1795,-1536,0,-1536,1260,-259
3767,-1795,-1664,0,-1664,1168,-131
3768,-1990,-1792,0,-1792,1075,-198
3769,-1990,-1920,0,-1920,981,-70
3770,-2185,-2048,0,-2048,886,-137
3771,-2185,-2176,0,-2176,790,-9
3772,-2378,-2304,0,-2304,693,-74
3773,-2378,-2432,0,-2432,595,54
3774,-2569,-2304,1,-2560,496,-265
3775,-2569,-2432,0,-2432,404,-137
3776,-2759,-2560,0,-2560,311,-199
3777,-2759,-2688,0,-2688,217,-71
3778,-2948,-2816,0,-2816,122,-132
3779,-2948,-2944,0,-2944,26,-4
3780,-3135,-3072,0,-3072,-71,-63
3781,-3135,-3200,0,-3200,-169,65
3782,-3319,-3072,1,-3328,-268,-247
3783,-3319,-3200,0,-3200,-360,-119
3784,-3502,-3328,0,-3328,-453,-174
3785,-3502,-3456,0,-3456,-547,-46
3786,-3683,-3584,0,-3584,-642,-99
3787,-3683,-3712,0,-3712,-738,29
3788,-3861,-3584,1,-3840,-835,-277
3789,-3861,-3712,0,-3712,-925,-149
3790,-4037,-3840,0,-3840,-1017,-197
3791,-4211,-3968,0,-3968,-1110,-243
3792,-4211,-4096,0,-4096,-1204,-115
3793,-4382,-4224,0,-4224,-1299,-158
3794,-4382,-4352,0,-4352,-1395,-30
3795,-4551,-4480,0,-4480,-1492,-71
3796,-4551,-4608,0,-4608,-1590,57
3797,-4716,-4480,1,-4736,-1689,-236
3798,-4716,-4608,0,-4608,-1781,-108
3799,-4879,-4736,0,-4736,-1874,-143
3800,-4879,-4864,0,-4864,-1968,-15
3801,-5039,-4992,0,-4992,-2063,-47
3802,-5039,-5120,0,-5120,-2159,81
3803,-5196,-4992,1,-5248,-2256,-204
3804,-5196,-5120,0,-5120,-2346,-76
3805,-5350,-5248,0,-5248,-2437,-102
3806,-5350,-5376,0,-5376,-2529,26
3807,-5501,-5248,1,-5504,-2622,-253
3808,-5501,-5376,0,-5376,-2709,-125
3809,-5648,-5504,0,-5504,-2797,-144
3810,-5648,-5632,0,-5632,-2886,-16
3811,-5792,-5760,0,-5760,-2976,-32
3812,-5792,-5888,0,-5888,-3067,96
3813,-5932,-5760,1,-6016,-3160,-172
3814,-5932,-5888,0,-5888,-3246,-44
3815,-6069,-6016,0,-6016,-3333,-53
3816,-6069,-6144,0,-6144,-3421,75
3817,-6202,-6016,1,-6272,-3511,-186
3818,-6202,-6144,0,-6144,-3594,-58
3819,-6332,-6272,0,-6272,-3678,-60
3820,-6332,-6400,0,-6400,-3764,68
3821,-6457,-6272,1,-6528,-3851,-185
3822,-6457,-6400,0,-6400,-3931,-57
3823,-6579,-6528,0,-6528,-4013,-51
3824,-6579,-6656,0,-6656,-4096,77
3825,-6697,-6528,1,-6784,-4180,-169
3826,-6697,-6656,0,-6656,-4258,-41
3827,-6811,-6784,0,-6784,-4337,-27
3828,-6811,-6912,0,-6912,-4418,101
3829,-6920,-6784,1,-7040,-4500,-136
3830,-6920,-6912,0,-6912,-4576,-8
3831,-7026,-7040,0,-7040,-4653,14
3832,-7127,-6912,1,-7168,-4732,-215
3833,-7127,-7040,0,-7040,-4805,-87
3834,-7224,-7168,0,-7168,-4879,-56
3835,-7224,-7296,0,-7296,-4955,72
3836,-7316,-7168,1,-7424,-5033,-148
3837,-7316,-7296,0,-7296,-5104,-20
3838,-7405,-7424,0,-7424,-5177,19
3839,-7405,-7296,1,-7552,-5252,-109
3840,-7488,-7424,0,-7424,-5320,-64
3841,-7488,-7552,0,-7552,-5390,64
3842,-7567,-7424,1,-7680,-5462,-143
3843,-7567,-7552,0,-7552,-5528,-15
3844,-7642,-7680,0,-7680,-5596,38
3845,-7642,-7552,1,-7808,-5666,-90
3846,-7712,-7680,0,-7680,-5729,-32
3847,-7712,-7808,0,-7808,-5794,96
3848,-7778,-7680,1,-7936,-5861,-98
3849,-7778,-7808,0,-7808,-5922,30
3850,-7838,-7680,1,-7936,-5985,-158
3851,-7838,-7808,0,-7808,-6042,-30
3852,-7894,-7936,0,-7936,-6102,42
3853,-7894,-7808,1,-8064,-6164,-86
3854,-7946,-7936,0,-7936,-6220,-10
3855,-7946,-8064,0,-8064,-6278,118
3856,-7992,-7936,1,-8192,-6338,-56
3857,-7992,-8064,0,-8064,-6392,72
3858,-8034,-7936,1,-8192,-6449,-98
3859,-8034,-8064,0,-8064,-6500,30
3860,-8070,-7936,1,-8192,-6553,-134
3861,-8070,-8064,0,-8064,-6601,-6
3862,-8102,-8192,0,-8192,-6651,90
3863,-8102,-8064,1,-8320,-6704,-38
3864,-8129,-8192,0,-8192,-6751,63
3865,-8129,-8064,1,-8320,-6801,-65
3866,-8152,-8192,0,-8192,-6845,40
3867,-8152,-8064,1,-8320,-6892,-88
3868,-8169,-8192,0,-8192,-6933,23
3869,-8169,-8064,1,-8320,-6977,-105
3870,-8181,-8192,0,-8192,-7015,11
3871,-8181,-8064,1,-8320,-7056,-117
3872,-8189,-8192,0,-8192,-7092,3
3873,-8191,-8064,1,-8320,-7131,-127
3874,-8191,-8192,0,-8192,-7165,1
3875,-8189,-8064,1,-8320,-7202,-125
3876,-8189,-8192,0,-8192,-7233,3
3877,-8181,-8064,1,-8320,-7267,-117
3878,-8181,-8192,0,-8192,-7296,11
3879,-8169,-8064,1,-8320,-7328,-105
3880,-8169,-8192,0,-8192,-7355,23
3881,-8152,-8064,1,-8320,-7386,-88
3882,-8152,-8192,0,-8192,-7412,40
3883,-8129,-8064,1,-8320,-7441,-65
3884,-8129,-8192,0,-8192,-7465,63
3885,-8102,-8064,1,-8320,-7492,-38
3886,-8102,-8192,0,-8192,-7514,90
3887,-8070,-8064,1,-8320,-7540,-6
3888,-8070,-8192,0,-8192,-7561,122
3889,-8034,-8064,1,-8320,-7585,30
3890,-8034,-7936,1,-8192,-7604,-98
3891,-7992,-8064,0,-8064,-7619,72
3892,-7992,-7936,1,-8192,-7637,-56
3893,-7946,-8064,0,-8064,-7651,118
3894,-7946,-7936,1,-8192,-7668,-10
3895,-7894,-8064,0,-8064,-7681,170
3896,-7894,-7936,1,-8192,-7697,42
3897,-7838,-7808,1,-8064,-7709,-30
3898,-7838,-7936,0,-7936,-7717,98
3899,-7778,-7808,1,-8064,-7728,30
3900,-7778,-7680,1,-7936,-7735,-98
3901,-7712,-7808,0,-7808,-7738,96
3902,-7712,-7680,1,-7936,-7745,-32
3903,-7642,-7808,0,-7808,-7747,166
3904,-7642,-7680,1,-7936,-7753,38
3905,-7567,-7552,1,-7808,-7755,-15
3906,-7567,-7680,0,-7680,-7753,113
3907,-7488,-7552,1,-7808,-7755,64
3908,-7488,-7424,1,-7680,-7753,-64
3909,-7405,-7552,0,-7552,-7747,147
3910,-7405,-7424,1,-7680,-7745,19
3911,-7316,-7296,1,-7552,-7739,-20
3912,-7316,-7424,0,-7424,-7730,108
3913,-7224,-7296,1,-7552,-7725,72
3914,-7224,-7168,1,-7424,-7716,-56
3915,-7127,-7296,0,-7296,-7703,169
3916,-7026,-7168,1,-7424,-7695,142
3917,-7026,-7040,1,-7296,-7683,14
3918,-6920,-6912,1,-7168,-7667,-8
3919,-6920,-7040,0,-7040,-7648,120
3920,-6811,-6912,1,-7168,-7633,101
3921,-6811,-6784,1,-7040,-7615,-27
3922,-6697,-6912,0,-6912,-7594,215
3923,-6697,-6784,1,-7040,-7577,87
3924,-6579,-6656,1,-6912,-7557,77
3925,-6579,-6528,1,-6784,-7533,-51
3926,-6457,-6656,0,-6656,-7506,199
3927,-6457,-6528,1,-6784,-7484,71
3928,-6332,-6400,1,-6656,-7459,68
3929,-6332,-6272,1,-6528,-7430,-60
3930,-6202,-6400,0,-6400,-7398,198
3931,-6202,-6272,1,-6528,-7371,70
3932,-6069,-6144,1,-6400,-7341,75
3933,-6069,-6016,1,-6272,-7308,-53
3934,-5932,-6144,0,-6144,-7272,212
3935,-5932,-6016,1,-6272,-7241,84
3936,-5792,-5888,1,-6144,-7207,96
3937,-5792,-5760,1,-6016,-7170,-32
3938,-5648,-5888,0,-5888,-7130,240
3939,-5648,-5760,1,-6016,-7096,112
3940,-5501,-5632,1,-5888,-7059,131
3941,-5501,-5504,1,-5760,-7019,3
3942,-5350,-5376,1,-5632,-6976,26
3943,-5350,-5248,1,-5504,-6930,-102
3944,-5196,-5376,0,-5376,-6882,180
3945,-5196,-5248,1,-5504,-6839,52
3946,-5039,-5120,1,-5376,-6794,81
3947,-5039,-4992,1,-5248,-6746,-47
3948,-4879,-5120,0,-5120,-6696,241
3949,-4879,-4992,1,-5248,-6651,113
3950,-4716,-4864,1,-5120,-6604,148
3951,-4716,-4736,1,-4992,-6554,20
3952,-4551,-4608,1,-4864,-6502,57
3953,-4551,-4480,1,-4736,-6447,-71
3954,-4382,-4608,0,-4608,-6390,226
3955,-4382,-4480,1,-4736,-6339,98
3956,-4211,-4352,1,-4608,-6285,141
3957,-4037,-4224,1,-4480,-6229,187
3958,-4037,-4096,1,-4352,-6171,59
3959,-3861,-3968,1,-4224,-6111,107
3960,-3861,-3840,1,-4096,-6049,-21
3961,-3683,-3968,0,-3968,-5984,285
3962,-3683,-3840,1,-4096,-5925,157
3963,-3502,-3712,1,-3968,-5864,210
3964,-3502,-3584,1,-3840,-5801,82
3965,-3319,-3456,1,-3712,-5736,137
3966,-3319,-3328,1,-3584,-5669,9
3967,-3135,-3200,1,-3456,-5600,65
3968,-3135,-3072,1,-3328,-5529,-63
3969,-2948,-3200,0,-3200,-5457,252
3970,-2948,-3072,1,-3328,-5391,124
3971,-2759,-2944,1,-3200,-5323,185
3972,-2759,-2816,1,-3072,-5253,57
3973,-2569,-2688,1,-2944,-5181,119
3974,-2569,-2560,1,-2816,-5108,-9
3975,-2378,-2688,0,-2688,-5033,310
3976,-2378,-2560,1,-2816,-4964,182
3977,-2185,-2432,1,-2688,-4893,247
3978,-2185,-2304,1,-2560,-4821,119
3979,-1990,-2176,1,-2432,-4747,186
3980,-1990,-2048,1,-2304,-4671,58
3981,-1795,-1920,1,-2176,-4594,125
3982,-1795,-1792,1,-2048,-4515,-3
3983,-1598,-1920,0,-1920,-4434,322
3984,-1598,-1792,1,-2048,-4360,194
3985,-1400,-1664,1,-1920,-4284,264
3986,-1400,-1536,1,-1792,-4207,136
3987,-1202,-1408,1,-1664,-4128,206
3988,-1202,-1280,1,-1536,-4047,78
3989,-1003,-1152,1,-1408,-3965,149
3990,-1003,-1024,1,-1280,-3882,21
3991,-803,-896,1,-1152,-3797,93
3992,-803,-768,1,-1024,-3711,-35
3993,-603,-896,0,-896,-3624,293
3994,-603,-768,1,-1024,-3543,165
3995,-402,-640,1,-896,-3461,238
3996,-402,-512,1,-768,-3377,110
3997,-201,-384,1,-640,-3292,183
3998,0,-256,1,-512,-3206,256
3999,0,-128,1,-384,-3118,128
4000,201,0,1,-256,-3029,201
4001,201,128,1,-128,-2939,73
4002,402,256,1,0,-2848,146
4003,402,384,1,128,-2755,18
4004,603,512,1,256,-2661,91
4005,603,640,1,384,-2566,-37
4006,803,512,0,512,-2470,291
4007,803,640,1,384,-2381,163
4008,1003,768,1,512,-2291,235
4009,1003,896,1,640,-2200,107
4010,1202,1024,1,768,-2108,178
4011,1202,1152,1,896,-2015,50
4012,1400,1280,1,1024,-1921,120
4013,1400,1408,1,1152,-1825,-8
4014,1598,1280,0,1280,-1728,318
4015,1598,1408,1,1152,-1638,190
4016,1795,1536,1,1280,-1547,259
4017,1795,1664,1,1408,-1455,131
4018,1990,1792,1,1536,-1362,198
4019,1990,1920,1,1664,-1268,70
4020,2185,2048,1,1792,-1173,137
4021,2185,2176,1,1920,-1077,9
4022,2378,2304,1,2048,-980,74
4023,2378,2432,1,2176,-882,-54
4024,2569,2304,0,2304,-783,265
4025,2569,2432,1,2176,-691,137
4026,2759,2560,1,2304,-598,199
4027,2759,2688,1,2432,-504,71
4028,2948,2816,1,2560,-409,132
4029,2948,2944,1,2688,-313,4
4030,3135,3072,1,2816,-216,63
4031,3135,3200,1,2944,-118,-65
4032,3319,3072,0,3072,-19,247
4033,3319,3200,1,2944,73,119
4034,3502,3328,1,3072,166,174
4035,3502,3456,1,3200,260,46
4036,3683,3584,1,3328,355,99
4037,3683,3712,1,3456,451,-29
4038,3861,3584,0,3584,548,277
4039,3861,3712,1,3456,638,149
4040,4037,3840,1,3584,730,197
4041,4211,3968,1,3712,823,243
4042,4211,4096,1,3840,917,115
4043,4382,4224,1,3968,1012,158
4044,4382,4352,1,4096,1108,30
4045,4551,4480,1,4224,1205,71
4046,4551,4608,1,4352,1303,-57
4047,4716,4480,0,4480,1402,236
4048,4716,4608,1,4352,1494,108
4049,4879,4736,1,4480,1587,143
4050,4879,4864,1,4608,1681,15
4051,5039,4992,1,4736,1776,47
4052,5039,5120,1,4864,1872,-81
4053,5196,4992,0,4992,1969,204
4054,5196,5120,1,4864,2059,76
4055,5350,5248,1,4992,2150,102
4056,5350,5376,1,5120,2242,-26
4057,5501,5248,0,5248,2335,253
4058,5501,5376,1,5120,2422,125
4059,5648,5504,1,5248,2510,144
4060,5648,5632,1,5376,2599,16
4061,5792,5760,1,5504,2689,32
4062,5792,5888,1,5632,2780,-96
4063,5932,5760,0,5760,2873,172
4064,5932,5888,1,5632,2959,44
4065,6069,6016,1,5760,3046,53
4066,6069,6144,1,5888,3134,-75
4067,6202,6016,0,6016,3224,186
4068,6202,6144,1,5888,3307,58
4069,6332,6272,1,6016,3391,60
4070,6332,6400,1,6144,3477,-68
4071,6457,6272,0,6272,3564,185
4072,6457,6400,1,6144,3644,57
4073,6579,6528,1,6272,3726,51
4074,6579,6656,1,6400,3809,-77
4075,6697,6528,0,6528,3893,169
4076,6697,6656,1,6400,3971,41
4077,6811,6784,1,6528,4050,27
4078,6811,6912,1,6656,4131,-101
4079,6920,6784,0,6784,4213,136
4080,6920,6912,1,6656,4289,8
4081,7026,7040,1,6784,4366,-14
4082,7127,6912,0,6912,4445,215
4083,7127,7040,1,6784,4518,87
4084,7224,7168,1,6912,4592,56
4085,7224,7296,1,7040,4668,-72
4086,7316,7168,0,7168,4746,148
4087,7316,7296,1,7040,4817,20
4088,7405,7424,1,7168,4890,-19
4089,7405,7296,0,7296,4965,109
4090,7488,7424,1,7168,5033,64
4091,7488,7552,1,7296,5103,-64
4092,7567,7424,0,7424,5175,143
4093,7567,7552,1,7296,5241,15
4094,7642,7680,1,7424,5309,-38
4095,7642,7552,0,7552,5379,90
